scientific_name	invasive
Abelia X	false
Abelmoschus esculentus	false
Abelmoschus manihot	false
Abies alba	true
Abies firma	false
Abies homolepis	false
Abrus precatorius	true
Abutilon hirtum	true
Abutilon pictum	false
Abutilon theophrasti	true
Acacia auriculiformis	true
Acacia baileyana	true
Acacia cultriformis	false
Acacia cyclops	true
Acacia dealbata	true
Acacia decurrens	true
Acacia elata	true
Acacia longifolia	true
Acacia mearnsii	true
Acacia melanoxylon	true
Acacia paradoxa	true
Acacia podalyriifolia	true
Acacia pycnantha	true
Acacia redolens	false
Acacia retinodes	true
Acacia saligna	true
Acacia verticillata	true
Acaena magellanica	true
Acaena novae-zelandiae	false
Acaena pallida	false
Acalypha alopecuroidea	false
Acalypha arvensis	false
Acalypha australis	true
Acalypha wilkesiana	false
Acanthospermum australe	true
Acanthospermum hispidum	true
Acanthospermum humile	false
Acanthus mollis	true
Acer campestre	false
Acer ginnala	false
Acer japonicum	false
Acer palmatum	true
Acer platanoides	true
Acer pseudoplatanus	true
Acer tataricum	false
Achillea ageratum	false
Achillea distans	false
Achillea filipendulina	true
Achillea ligustica	false
Achillea nobilis	true
Achillea ptarmica	true
Achnatherum capense	false
Achyranthes aspera	true
Achyranthes japonica	true
Acicarpha tribuloides	false
Acmella decumbens	false
Acmella pilosa	false
Acmella pusilla	false
Aconitum carmichaelii	false
Aconitum napellus	false
Aconogonon campanulatum	false
Acorus calamus	true
Acrachne racemosa	false
Acrocomia totai	false
Actaea spicata	false
Actinidia arguta	false
Actinidia chinensis	false
Actinidia polygama	false
Adenanthera pavonina	true
Adiantum caudatum	false
Adiantum hispidulum	true
Adiantum macrophyllum	true
Adiantum trapeziforme	false
Adonis aestivalis	false
Adonis annua	false
Adonis vernalis	false
Aegilops crassa	false
Aegilops cylindrica	true
Aegilops geniculata	false
Aegilops neglecta	false
Aegilops tauschii	true
Aegilops triuncialis	true
Aegopodium podagraria	true
Aeluropus littoralis	false
Aeonium arboreum	false
Aeonium haworthii	false
Aeschynomene evenia	false
Aeschynomene fluitans	false
Aeschynomene histrix	false
Aesculus X	false
Aesculus hippocastanum	false
Aethusa cynapium	false
Agapanthus praecox	false
Agastache rugosa	false
Agave attenuata	false
Agave desmettiana	false
Agave sisalana	true
Agave weberi	false
Agdestis clematidea	true
Ageratina adenophora	true
Ageratum conyzoides	true
Ageratum houstonianum	true
Aglaonema commutatum	true
Agrimonia eupatoria	false
Agropyron cristatum	true
Agropyron desertorum	true
Agropyron fragile	false
Agrostemma brachyloba	false
Agrostemma githago	true
Agrostis capillaris	true
Agrostis castellana	true
Agrostis gigantea	true
Agrostis stolonifera	true
Ailanthus altissima	true
Aira caryophyllea	true
Aira cupaniana	false
Aira elegantissima	false
Aira praecox	false
Ajuga chamaepitys	false
Ajuga genevensis	false
Ajuga pyramidalis	false
Ajuga reptans	false
Akebia X	false
Akebia quinata	true
Albizia julibrissin	true
Albizia lebbeck	true
Albizia lebbekoides	false
Albizia procera	true
Alcea rosea	true
Alchemilla mollis	false
Alchemilla monticola	false
Alchemilla subcrenata	false
Aldrovanda vesiculosa	false
Aleurites moluccanus	true
Alhagi maurorum	true
Alisma lanceolatum	false
Alisma plantago-aquatica	true
Allamanda cathartica	true
Alliaria petiolata	true
Allium ampeloprasum	false
Allium atroviolaceum	false
Allium cepa	false
Allium fistulosum	false
Allium hollandicum	false
Allium neapolitanum	false
Allium nigrum	false
Allium oleraceum	false
Allium paniculatum	false
Allium porrum	false
Allium rotundum	false
Allium sativum	true
Allium schoenoprasum	false
Allium scorodoprasum	false
Allium sphaerocephalon	false
Allium triquetrum	true
Allium tuberosum	false
Allium vineale	true
Alloteropsis cimicina	false
Alnus cordata	false
Alnus glutinosa	true
Alocasia macrorrhizos	true
Alocasia odora	false
Aloe X	false
Aloe striatula	false
Aloe vera	true
Alopecurus arundinaceus	true
Alopecurus creticus	false
Alopecurus geniculatus	true
Alopecurus myosuroides	true
Alopecurus pratensis	true
Alopecurus rendlei	false
Aloysia citrodora	false
Alpinia zerumbet	true
Alstonia macrophylla	true
Alstonia scholaris	false
Alstroemeria haemantha	false
Alstroemeria pulchella	false
Alternanthera brasiliana	true
Alternanthera caracasana	false
Alternanthera ficoidea	true
Alternanthera paronychioides	true
Alternanthera philoxeroides	true
Alternanthera pungens	true
Alternanthera sessilis	true
Althaea armeniaca	false
Althaea cannabina	false
Althaea hirsuta	false
Althaea officinalis	false
Alysicarpus ovalifolius	false
Alysicarpus rugosus	false
Alysicarpus vaginalis	true
Alyssum alyssoides	true
Alyssum corsicum	false
Alyssum desertorum	false
Alyssum murale	false
Alyssum simplex	false
Alyssum strigosum	true
Alyssum szovitsianum	false
Amaranthus albus	true
Amaranthus blitoides	true
Amaranthus blitum	true
Amaranthus caudatus	true
Amaranthus crassipes	false
Amaranthus crispus	false
Amaranthus cruentus	true
Amaranthus deflexus	true
Amaranthus dubius	true
Amaranthus graecizans	true
Amaranthus hypochondriacus	false
Amaranthus muricatus	true
Amaranthus spinosus	true
Amaranthus thunbergii	false
Amaranthus tricolor	true
Amaryllis belladonna	false
Amberboa moschata	false
Ambrosia tenuifolia	false
Amelichloa brachychaeta	false
Amelichloa caudata	false
Amelichloa clandestina	false
Ammi majus	false
Ammi visnaga	false
Ammophila arenaria	true
Ampelodesmos mauritanicus	true
Ampelopsis aconitifolia	false
Ampelopsis brevipedunculata	false
Amphibromus neesii	false
Amphibromus scabrivalvis	false
Amphilophium crucigerum	false
Anacyclus clavatus	false
Anagallis foemina	false
Anagallis monelli	false
Ananas comosus	false
Anchusa arvensis	false
Anchusa azurea	true
Anchusa capensis	false
Anchusa officinalis	false
Andrographis echioides	false
Andropogon bicornis	false
Androsace maxima	false
Anemone blanda	false
Anemone coronaria	false
Anemone nemorosa	false
Anethum graveolens	true
Angelonia angustifolia	false
Anisodontea capensis	false
Anredera cordifolia	true
Anthemis altissima	false
Anthemis arvensis	true
Anthemis austriaca	false
Anthemis cotula	true
Anthemis secundiramea	false
Anthephora hermaphrodita	false
Anthoxanthum aristatum	false
Anthoxanthum odoratum	true
Anthriscus caucalis	true
Anthriscus cerefolium	false
Anthriscus sylvestris	true
Anthyllis vulneraria	false
Antigonon leptopus	true
Antirrhinum majus	false
Antithamnion nipponicum	false
Apera interrupta	false
Apera spica-venti	false
Aphanes arvensis	false
Aphanes microcarpa	false
Apium graveolens	false
Apium nodiflorum	false
Apium prostratum	false
Apium repens	false
Apluda mutica	false
Aponogeton distachyos	false
Aptenia cordifolia	false
Aquilegia vulgaris	false
Arabidopsis thaliana	true
Arabis caucasica	false
Arabis procurrens	false
Arachis glabrata	false
Arachis hypogaea	false
Arachniodes simplicior	false
Aralia chinensis	false
Aralia elata	true
Araucaria heterophylla	false
Araujia sericifera	true
Arbutus unedo	false
Arctanthemum arcticum	false
Arctium lappa	true
Arctium minus	true
Arctium tomentosum	true
Arctotheca calendula	true
Arctotheca prostrata	true
Arctotis fastuosa	false
Arctotis stoechadifolia	false
Arctotis venusta	false
Ardisia crenata	true
Ardisia elliptica	true
Ardisia humilis	true
Ardisia japonica	true
Arenaria serpyllifolia	true
Argyranthemum foeniculaceum	false
Argyranthemum foeniculum	false
Argyranthemum frutescens	false
Argyreia nervosa	false
Argyrocytisus battandieri	false
Aristolochia clematitis	false
Aristolochia elegans	true
Aristolochia grandiflora	false
Aristolochia labiata	false
Aristolochia maxima	false
Aristolochia ringens	true
Aristotelia chilensis	true
Arivela viscosa	true
Armoracia rusticana	true
Arnoseris minima	false
Arrhenatherum elatius	true
Artemisia abrotanum	false
Artemisia absinthium	true
Artemisia annua	true
Artemisia gmelinii	false
Artemisia pontica	false
Artemisia scoparia	false
Artemisia stelleriana	false
Artemisia umbelliformis	false
Artemisia vulgaris	true
Arthraxon hispidus	true
Arum italicum	false
Arum palaestinum	false
Aruncus dioicus	false
Arundo donax	true
Asclepias curassavica	true
Asparagus aethiopicus	true
Asparagus asparagoides	true
Asparagus densiflorus	true
Asparagus officinalis	false
Asparagus setaceus	true
Asperugo procumbens	true
Asperula arvensis	false
Asperula orientalis	false
Asphodelus fistulosus	true
Aspidistra elatior	false
Aster tataricus	false
Astilbe japonica	false
Astragalus chinensis	false
Astragalus cicer	true
Astragalus contortuplicatus	false
Astragalus falcatus	false
Astragalus glycyphyllos	false
Astragalus hamosus	false
Astragalus tibetanus	false
Astrantia major	false
Asystasia gangetica	true
Athyrium niponicum	false
Atriplex amnicola	false
Atriplex glauca	false
Atriplex holocarpa	false
Atriplex hortensis	true
Atriplex laciniata	false
Atriplex lampa	false
Atriplex lindleyi	false
Atriplex littoralis	false
Atriplex micrantha	false
Atriplex muelleri	true
Atriplex nummularia	true
Atriplex oblongifolia	false
Atriplex patula	true
Atriplex rosea	false
Atriplex semibaccata	true
Atriplex sibirica	false
Atriplex stipitata	false
Atriplex suberecta	true
Atriplex tatarica	true
Atriplex undulata	false
Atriplex vesicaria	false
Atropa bella-donna	false
Aubrieta deltoidea	false
Aucuba japonica	false
Aurinia petraea	false
Aurinia saxatilis	true
Austrocylindropuntia subulata	false
Avena barbata	true
Avena fatua	true
Avena occidentalis	false
Avena sativa	true
Avena sterilis	true
Avena strigosa	false
Avenula pubescens	false
Avicennia marina	false
Axyris amaranthoides	false
Ayenia insulicola	false
Azolla pinnata	true
Bacopa egensis	false
Bahia schaffneri	false
Baldellia ranunculoides	false
Ballota nigra	false
Bambusa multiplex	false
Bambusa vulgaris	true
Barbarea verna	false
Barbarea vulgaris	true
Barleria cristata	true
Barleria lupulina	true
Bassia hirsuta	false
Bassia hyssopifolia	true
Bauhinia X	false
Bauhinia galpinii	false
Bauhinia monandra	true
Bauhinia purpurea	true
Bauhinia variegata	true
Begonia cucullata	true
Begonia hirtella	true
Bellardia trixago	false
Bellis perennis	true
Berberis bealei	false
Berberis darwinii	true
Berberis julianae	true
Berberis koreana	false
Berberis sargentiana	false
Berberis thunbergii	true
Berberis vulgaris	true
Berkheya heterophylla	false
Berteroa incana	true
Berteroa mutabilis	false
Beta macrocarpa	false
Beta procumbens	false
Beta vulgaris	false
Betula pendula	true
Betula platyphylla	false
Betula pubescens	true
Bidens amplissima	false
Bidens pilosa	true
Bifora radians	true
Bifora testiculata	false
Billardiera heterophylla	true
Billbergia pyramidalis	false
Bischofia javanica	true
Bistorta officinalis	false
Bituminaria bituminosa	false
Bixa orellana	true
Bletilla striata	false
Blumea viscosa	false
Blyxa aubertii	false
Boehmeria nivea	true
Bolboschoenus glaucus	false
Bonellia macrocarpa	false
Bonnemaisonia hamifera	false
Borago officinalis	true
Bothriochloa bladhii	true
Bothriochloa ischaemum	true
Bothriochloa pertusa	true
Bougainvillea glabra	true
Bouteloua dimorpha	false
Brachiaria deflexa	false
Brachychiton populneus	false
Brachypodium distachyon	true
Brachypodium phoenicoides	false
Brachypodium pinnatum	true
Brachypodium sylvaticum	true
Brasiliopuntia brasiliensis	false
Brassica elongata	false
Brassica fruticulosa	false
Brassica juncea	true
Brassica napus	true
Brassica nigra	true
Brassica oleracea	true
Brassica rapa	true
Brassica tournefortii	true
Breynia disticha	true
Briza maxima	true
Briza media	false
Briza minor	true
Bromelia pinguin	true
Bromidium tandilense	false
Bromus alopecuros	false
Bromus arenarius	false
Bromus arvensis	true
Bromus berteroanus	false
Bromus briziformis	true
Bromus catharticus	true
Bromus cebadilla	false
Bromus commutatus	true
Bromus diandrus	true
Bromus erectus	false
Bromus grossus	false
Bromus hordeaceus	true
Bromus inermis	true
Bromus japonicus	true
Bromus lanceolatus	false
Bromus lepidus	false
Bromus madritensis	true
Bromus racemosus	true
Bromus ramosus	false
Bromus rubens	true
Bromus scoparius	false
Bromus secalinus	true
Bromus squarrosus	true
Bromus sterilis	true
Bromus tectorum	true
Brosimum alicastrum	false
Broussonetia papyrifera	true
Browallia americana	true
Brugmansia sanguinea	false
Brugmansia suaveolens	true
Brugmansia versicolor	false
Bruguiera gymnorhiza	false
Brunnera macrophylla	false
Bryonia alba	true
Bryonia cretica	false
Bryonia dioica	false
Buddleja alternifolia	false
Buddleja davidii	true
Buddleja lindleyana	false
Buddleja madagascariensis	true
Buddleja officinalis	false
Buddleja saligna	false
Buglossoides arvensis	true
Bulbine semibarbata	false
Bulbostylis barbata	false
Bulbostylis hirta	false
Bunias erucago	false
Bunias orientalis	true
Bupleurum lancifolium	false
Bupleurum odontites	false
Bupleurum rotundifolium	false
Butia capitata	false
Butomus umbellatus	true
Buxus microphylla	false
Buxus sempervirens	false
Cabomba palaeformis	false
Caesalpinia crista	false
Caesalpinia pulcherrima	true
Cajanus cajan	true
Cajanus scarabaeoides	false
Cakile maritima	false
Caladium bicolor	true
Calamagrostis epigeios	false
Calendula arvensis	false
Calendula officinalis	true
Calepina irregularis	false
Calibrachoa parviflora	true
Calliandra haematocephala	true
Callicarpa dichotoma	false
Callicarpa japonica	true
Callisia fragrans	true
Callisia repens	true
Callistemon citrinus	true
Callistemon viminalis	true
Callistephus chinensis	false
Callithamnion tenuissimum	false
Callitriche brutia	false
Callitriche stagnalis	true
Callitris columellaris	false
Calluna vulgaris	true
Calophyllum brasiliense	true
Calophyllum inophyllum	true
Calotis cuneifolia	false
Calotropis procera	true
Calycera balsamitifolia	false
Calyptocarpus vialis	true
Calystegia hederacea	false
Calystegia sepium	false
Calystegia silvatica	false
Camelina alyssum	false
Camelina microcarpa	true
Camelina rumelica	false
Camelina sativa	true
Camellia japonica	false
Camellia sasanqua	false
Camellia sinensis	true
Campanula bononiensis	false
Campanula carpatica	false
Campanula cervicaria	true
Campanula glomerata	true
Campanula lactiflora	false
Campanula lanata	false
Campanula latifolia	false
Campanula medium	true
Campanula patula	false
Campanula persicifolia	false
Campanula poscharskyana	true
Campanula punctata	false
Campanula rapunculoides	true
Campanula trachelium	false
Campylopus pilifer	false
Canavalia ensiformis	true
Canna X	false
Canna indica	true
Cannabis sativa	true
Caperonia castaneifolia	false
Caperonia palustris	false
Capsella bursa-pastoris	true
Capsicum annuum	false
Caragana arborescens	true
Caragana aurantiaca	false
Caragana frutex	false
Cardamine bulbifera	false
Cardamine flexuosa	true
Cardamine hirsuta	true
Cardamine impatiens	true
Cardiocrinum cordatum	false
Cardiospermum corindum	false
Cardiospermum halicacabum	true
Carduus X	false
Carduus acanthoides	true
Carduus crispus	true
Carduus nutans	true
Carduus pycnocephalus	true
Carduus tenuiflorus	false
Carex acutiformis	false
Carex breviculmis	false
Carex brunnea	false
Carex caryophyllea	false
Carex diluta	true
Carex distans	false
Carex distenta	false
Carex disticha	false
Carex divisa	false
Carex divulsa	false
Carex extensa	false
Carex ferruginea	false
Carex flacca	false
Carex heterostachya	false
Carex hirta	true
Carex kobomugi	true
Carex muricata	false
Carex panicea	false
Carex pendula	false
Carex pumila	false
Carex secalina	true
Carex spicata	true
Carex sylvatica	false
Carex vacillans	false
Carica papaya	true
Carissa macrocarpa	true
Carlina vulgaris	false
Carpinus betulus	false
Carpinus turczaninovii	false
Carpobrotus chilensis	false
Carpobrotus edulis	true
Carrichtera annua	true
Carthamus creticus	false
Carthamus lanatus	true
Carthamus leucocaulos	false
Carthamus tinctorius	false
Carum carvi	true
Caryopteris X	false
Caryota mitis	true
Caryota urens	false
Casearia nitida	false
Cassia afrofistula	false
Cassia fistula	false
Cassia javanica	true
Castanea crenata	false
Castanea mollissima	false
Castanea sativa	true
Casuarina cunninghamiana	true
Casuarina equisetifolia	true
Casuarina glauca	true
Catalpa ovata	true
Catananche caerulea	false
Catapodium rigidum	true
Catharanthus roseus	true
Caucalis platycarpos	true
Caulacanthus ustulatus	true
Caulerpa brachypus	false
Cayratia japonica	true
Cecropia pachystachya	true
Cecropia palmata	true
Cedronella canariensis	false
Cedrus deodara	false
Celastrus orbiculatus	true
Celastrus paniculatus	false
Celosia argentea	true
Celosia trigyna	false
Celtis australis	false
Celtis sinensis	true
Cenchrus americanus	true
Cenchrus biflorus	true
Cenchrus ciliaris	true
Cenchrus clandestinus	true
Cenchrus latifolius	false
Cenchrus longisetus	true
Cenchrus macrourus	true
Cenchrus nervosus	false
Cenchrus orientalis	false
Cenchrus palmeri	false
Cenchrus pedicellatus	true
Cenchrus petiolaris	false
Cenchrus polystachios	true
Cenchrus purpureus	true
Cenchrus setaceus	true
Cenchrus setiger	true
Centaurea X	false
Centaurea aspera	false
Centaurea babylonica	false
Centaurea benedicta	false
Centaurea bovina	false
Centaurea calcitrapa	true
Centaurea calcitrapoides	false
Centaurea cineraria	false
Centaurea cyanus	true
Centaurea debeauxii	true
Centaurea depressa	false
Centaurea diffusa	true
Centaurea diluta	true
Centaurea eriophora	false
Centaurea iberica	false
Centaurea jacea	true
Centaurea macrocephala	true
Centaurea melitensis	true
Centaurea montana	true
Centaurea nervosa	false
Centaurea nigra	true
Centaurea nigrescens	false
Centaurea paniculata	false
Centaurea phrygia	false
Centaurea scabiosa	true
Centaurea solstitialis	true
Centaurea stoebe	true
Centaurea sulphurea	false
Centaurea trichocephala	false
Centaurea uniflora	false
Centaurea virgata	false
Centaurium erythraea	true
Centaurium pulchellum	true
Centaurium tenuiflorum	false
Centella asiatica	true
Centipeda minima	false
Centranthus ruber	true
Centratherum punctatum	true
Centrosema sagittatum	false
Cephalaria gigantea	false
Cephalaria syriaca	false
Ceramium kondoi	false
Cerastium arvense	false
Cerastium biebersteinii	false
Cerastium brachypetalum	false
Cerastium dichotomum	false
Cerastium diffusum	false
Cerastium dubium	false
Cerastium fontanum	true
Cerastium glomeratum	true
Cerastium gracile	false
Cerastium pumilum	true
Cerastium semidecandrum	false
Cerastium tomentosum	true
Ceratonia siliqua	false
Ceratostigma plumbaginoides	false
Ceratotheca triloba	false
Cercidiphyllum japonicum	false
Cereus repandus	true
Cestrum diurnum	true
Cestrum fasciculatum	false
Cestrum nocturnum	true
Cestrum parqui	true
Chaenomeles japonica	false
Chaenomeles sinensis	false
Chaenomeles speciosa	false
Chaenorhinum minus	true
Chaerophyllum bulbosum	false
Chaerophyllum temulum	false
Chaiturus marrubiastrum	false
Chamaecrista absus	false
Chamaecrista pilosa	false
Chamaecyparis obtusa	false
Chamaecytisus prolifera	false
Chamaedorea seifrizii	false
Chamaemelum fuscatum	false
Chamaemelum nobile	false
Chamelaucium uncinatum	false
Chasmanthe floribunda	true
Cheilanthes notholaenoides	false
Chelidonium majus	true
Chenopodium album	true
Chenopodium bonus-henricus	false
Chenopodium carnosulum	false
Chenopodium ficifolium	true
Chenopodium foliosum	false
Chenopodium hircinum	true
Chenopodium murale	true
Chenopodium opulifolium	false
Chenopodium polyspermum	false
Chenopodium quinoa	false
Chenopodium strictum	false
Chenopodium urbicum	false
Chenopodium vulvaria	false
Chevreulia sarmentosa	false
Chloris barbata	true
Chloris canterae	false
Chloris divaricata	true
Chloris elata	true
Chloris gayana	true
Chloris pectinata	false
Chloris radiata	true
Chloris truncata	true
Chloris ventricosa	false
Chlorophytum capense	false
Chlorophytum comosum	false
Chondrilla juncea	true
Chorispora tenella	true
Chrozophora tinctoria	false
Chrysanthemoides monilifera	true
Chrysanthemum X	false
Chrysopogon fulvus	false
Chrysopogon zizanioides	true
Cicer arietinum	false
Cichorium endivia	false
Cichorium intybus	true
Cinnamomum camphora	true
Cinnamomum verum	true
Cirsium arvense	true
Cirsium canum	false
Cirsium japonicum	false
Cirsium palustre	true
Cirsium pyrenaicum	false
Cirsium scabrum	false
Cirsium vulgare	true
Cissus antarctica	false
Cissus palmata	false
Cistus incanus	false
Cistus ladanifer	false
Cistus monspeliensis	false
Cistus psilosepalus	false
Cistus salviifolius	false
Citrullus caffer	false
Citrullus colocynthis	true
Citrullus lanatus	true
Citrus X	true
Citrus japonica	false
Citrus medica	false
Citrus reticulata	false
Cladanthus mixtus	false
Cladoraphis cyperoides	false
Clematis X	false
Clematis florida	false
Clematis orientalis	false
Clematis recta	false
Clematis terniflora	true
Clematis vitalba	true
Clematis viticella	false
Cleome ornithopodioides	false
Cleome rutidosperma	false
Cleoserrata serrata	false
Cleoserrata speciosa	false
Clerodendrum X	false
Clerodendrum bungei	true
Clerodendrum chinense	true
Clerodendrum glabrum	true
Clerodendrum indicum	true
Clerodendrum japonicum	true
Clerodendrum lindleyi	false
Clerodendrum speciosissimum	true
Clerodendrum trichotomum	false
Clerodendrum umbellatum	false
Cleyera japonica	false
Clinopodium acinos	false
Clinopodium gracile	false
Clinopodium menthifolium	false
Clinopodium nepeta	false
Clitoria ternatea	true
Cnidium monnieri	false
Coccinia grandis	true
Coccocypselum hirsutum	false
Cocculus laurifolius	false
Cocos nucifera	true
Codium fragile	true
Coincya monensis	false
Coix lacryma-jobi	true
Cojoba graciliflora	false
Colchicum autumnale	false
Colocasia esculenta	true
Colubrina asiatica	true
Colutea arborescens	false
Combretum indicum	true
Commelina benghalensis	true
Commelina caroliniana	false
Commelina coelestis	false
Commelina communis	true
Commelina forskaolii	false
Commelina gambiae	false
Commelina nigritana	false
Conicosia pugioniformis	false
Conium maculatum	true
Conringia orientalis	true
Consolida ajacis	true
Consolida orientalis	false
Consolida pubescens	false
Consolida regalis	false
Consolida tenuissima	false
Convallaria majalis	false
Convolvulus althaeoides	false
Convolvulus arvensis	true
Convolvulus pilosellifolius	false
Convolvulus tricolor	false
Conyza bonariensis	true
Conyza floribunda	true
Conyza laevigata	false
Coprosma repens	false
Corchorus aestuans	true
Corchorus hirsutus	false
Corchorus tridens	true
Cordia dichotoma	true
Cordia myxa	false
Cordia sebestena	false
Cordyline australis	false
Coriandrum sativum	true
Corispermum hyssopifolium	false
Corispermum pallasii	false
Cornus kousa	true
Cornus mas	false
Cornus sanguinea	false
Cornutia pyramidata	false
Coronilla scorpioides	false
Coronilla valentina	false
Corrigiola litoralis	false
Cortaderia jubata	true
Cortaderia selloana	true
Corydalis incisa	false
Corydalis lutea	false
Corydalis solida	false
Corylus avellana	false
Corylus heterophylla	false
Corymbia citriodora	true
Corymbia torelliana	false
Corynephorus canescens	false
Cosmos bipinnatus	true
Cosmos caudatus	true
Cosmos sulphureus	true
Costus pulverulentus	true
Cota tinctoria	true
Cotinus coggygria	false
Cotoneaster acuminatus	false
Cotoneaster acutifolius	false
Cotoneaster adpressus	false
Cotoneaster apiculatus	false
Cotoneaster atropurpureus	false
Cotoneaster bullatus	false
Cotoneaster cochleatus	false
Cotoneaster conspicuus	false
Cotoneaster dammeri	false
Cotoneaster dielsianus	false
Cotoneaster divaricatus	false
Cotoneaster fangianus	false
Cotoneaster franchetii	true
Cotoneaster frigidus	false
Cotoneaster hjelmqvistii	false
Cotoneaster hodjingensis	false
Cotoneaster horizontalis	true
Cotoneaster lacteus	false
Cotoneaster lucidus	false
Cotoneaster magnificus	false
Cotoneaster multiflorus	false
Cotoneaster nitens	false
Cotoneaster pannosus	true
Cotoneaster rehderi	false
Cotoneaster salicifolius	true
Cotoneaster silvestrii	false
Cotoneaster simonsii	true
Cotoneaster tengyuehensis	false
Cotoneaster transens	false
Cotoneaster vestitus	false
Cotoneaster villosulus	false
Cotula australis	true
Cotula coronopifolia	true
Cotula mexicana	false
Cotyledon orbiculata	false
Crambe maritima	false
Crassocephalum crepidioides	true
Crassula colligata	false
Crassula multicava	true
Crassula ovata	true
Crassula tetragona	false
Crassula tillaea	false
Crataegus X	false
Crataegus laevigata	false
Crataegus monogyna	true
Crepis biennis	false
Crepis bursifolia	false
Crepis capillaris	true
Crepis foetida	false
Crepis nicaeensis	false
Crepis pannonica	false
Crepis pulchra	false
Crepis rubra	false
Crepis setosa	false
Crepis tectorum	true
Crepis vesicaria	true
Crepis zacintha	false
Crinum asiaticum	false
Crinum bulbispermum	false
Crinum zeylanicum	false
Crocosmia X	true
Crocus angustifolius	false
Crocus flavus	false
Crocus imperati	false
Crocus sieberi	false
Crocus tommasinianus	false
Crocus vernus	false
Crotalaria biflora	false
Crotalaria brevidens	true
Crotalaria incana	true
Crotalaria juncea	true
Crotalaria lanceolata	true
Crotalaria ochroleuca	false
Crotalaria pallida	true
Crotalaria retusa	true
Crotalaria spectabilis	true
Crotalaria trichotoma	true
Crotalaria verrucosa	true
Crotalaria virgulata	false
Croton argenteus	true
Croton bonplandianus	true
Croton glandulosus	false
Croton trinitatis	false
Crucianella angustifolia	false
Cruciata laevipes	false
Cruciata pedemontana	false
Crupina vulgaris	true
Crypsis alopecuroides	false
Crypsis schoenoides	false
Crypsis vaginiflora	false
Cryptocoryne beckettii	false
Cryptocoryne undulata	false
Cryptocoryne walkeri	false
Cryptocoryne wendtii	false
Cryptomeria japonica	true
Cryptostegia grandiflora	true
Cryptostegia madagascariensis	true
Ctenolepis cerasiformis	false
Cucumis anguria	false
Cucumis dipsaceus	true
Cucumis melo	true
Cucumis metuliferus	false
Cucumis myriocarpus	true
Cucumis sativus	true
Cucurbita ficifolia	false
Cucurbita maxima	false
Cucurbita moschata	false
Cucurbita pepo	false
Cullen americanum	false
Cullen corylifolia	false
Cuminum cyminum	false
Cunninghamia lanceolata	true
Cupaniopsis anacardioides	true
Cuphea carthagenensis	true
Cuphea glutinosa	false
Cuphea procumbens	false
Curcuma zedoaria	false
Cuscuta approximata	false
Cuscuta epilinum	false
Cuscuta epithymum	true
Cuscuta europaea	false
Cuscuta japonica	false
Cuscuta reflexa	false
Cuscuta suaveolens	false
Cutandia memphitica	false
Cyanthillium cinereum	true
Cyathea cooperi	true
Cycas circinalis	false
Cycas revoluta	false
Cyclamen hederifolium	false
Cyclospermum leptophyllum	true
Cydista aequinoctialis	false
Cydonia oblonga	false
Cymbalaria muralis	true
Cymbopogon citratus	true
Cymbopogon iwarancusa	false
Cymophora accedens	false
Cynara cardunculus	true
Cynara scolymus	false
Cynodon X	false
Cynodon aethiopicus	true
Cynodon dactylon	true
Cynodon nlemfuensis	true
Cynodon plectostachyus	true
Cynodon transvaalensis	false
Cynoglossum amabile	true
Cynoglossum creticum	false
Cynoglossum microglochin	false
Cynoglossum officinale	true
Cynoglossum wallichii	false
Cynoglossum zeylanicum	false
Cynoglottis barrelieri	false
Cynosurus cristatus	false
Cynosurus echinatus	true
Cyperus alopecuroides	false
Cyperus amuricus	false
Cyperus blepharoleptos	false
Cyperus difformis	true
Cyperus entrerianus	true
Cyperus esculentus	true
Cyperus fuscus	true
Cyperus gracilis	true
Cyperus hyalinus	false
Cyperus involucratus	true
Cyperus iria	true
Cyperus microiria	true
Cyperus owanii	false
Cyperus papyrus	true
Cyperus phaeolepis	false
Cyperus pilosus	true
Cyperus prolifer	true
Cyperus prolixus	false
Cyperus pumilus	true
Cyperus rotundus	true
Cyperus sanguinolentus	true
Cyperus serotinus	true
Cyperus unioloides	false
Cypselea humifusa	false
Cyrtomium falcatum	true
Cyrtomium fortunei	false
Cyrtopodium polyphyllum	false
Cytisus X	false
Cytisus multiflorus	false
Cytisus scoparius	true
Cytisus striatus	true
Cytisus villosus	false
Dactylis glomerata	true
Dactyloctenium aegyptium	true
Dactyloctenium geminatum	false
Dactyloctenium radulans	false
Dahlia pinnata	false
Dalbergia sissoo	false
Dalechampia scandens	false
Daltonia splachnoides	false
Danthonia decumbens	false
Daphne cneorum	false
Daphne laureola	false
Daphne mezereum	true
Dasypyrum villosum	true
Datura ceratocaula	false
Datura inoxia	true
Datura stramonium	true
Daucus carota	true
Delairea odorata	true
Delonix regia	true
Delosperma litorale	false
Delphinium elatum	true
Delphinium grandiflorum	false
Dendrocalamus latiflorus	false
Deparia petersenii	true
Descurainia sophia	true
Desmodium glabrum	false
Desmodium incanum	true
Desmodium intortum	true
Desmodium scorpiurus	false
Desmodium triflorum	true
Deutzia X	false
Deutzia crenata	false
Deutzia gracilis	false
Deutzia parviflora	false
Dianella ensifolia	true
Dianthus armeria	true
Dianthus barbatus	true
Dianthus carthusianorum	false
Dianthus caryophyllus	false
Dianthus deltoides	true
Dianthus plumarius	false
Dianthus sylvestris	false
Dicentra spectabilis	false
Dichanthium annulatum	true
Dichanthium aristatum	true
Dichanthium sericeum	true
Dichondra micrantha	true
Dichrostachys cinerea	true
Dictamnus albus	false
Dieffenbachia seguine	true
Digera muricata	true
Digitalis grandiflora	false
Digitalis lanata	false
Digitalis lutea	false
Digitalis purpurea	true
Digitaria aequiglumis	false
Digitaria eriantha	true
Digitaria horizontalis	true
Digitaria ischaemum	true
Digitaria milanjiana	false
Digitaria sanguinalis	true
Digitaria setigera	true
Digitaria violascens	true
Dimocarpus longan	false
Dimorphotheca cuneata	false
Dimorphotheca pluvialis	false
Dimorphotheca sinuata	false
Dimorphotheca tragus	false
Dinebra retroflexa	true
Diodella radula	false
Dioscorea alata	true
Dioscorea bulbifera	true
Dioscorea oppositifolia	true
Dioscorea polystachya	false
Dioscorea sansibarensis	true
Diospyros digyna	false
Diospyros ebenum	false
Diospyros maritima	false
Diplazium esculentum	true
Diplotaxis erucoides	false
Diplotaxis muralis	true
Diplotaxis siifolia	false
Diplotaxis tenuifolia	true
Dipogon lignosus	false
Dipsacus fullonum	false
Dipsacus laciniatus	true
Dipsacus sativus	false
Dittrichia graveolens	true
Dittrichia viscosa	true
Dolichandra unguis-cati	true
Dopatrium junceum	true
Doronicum pardalianches	false
Doronicum plantagineum	false
Dorstenia contrajerva	false
Dorycnium hirsutum	false
Draba verna	true
Dracocephalum moldavica	false
Dracocephalum thymiflorum	true
Dracunculus vulgaris	false
Drosanthemum floribundum	false
Drosanthemum hispidum	false
Drosanthemum speciosum	false
Drosera aliciae	false
Drosera capensis	false
Drymaria cordata	true
Drynaria quercifolia	false
Dryopteris erythrosora	false
Duchesnea indica	true
Dyckia brevifolia	false
Dypsis lutescens	true
Dysphania anthelmintica	false
Dysphania aristata	true
Dysphania botrys	false
Dysphania carinata	true
Dysphania chilensis	false
Dysphania cristata	false
Dysphania multifida	false
Dysphania plantaginella	false
Dysphania pumilio	true
Ecballium elaterium	false
Echinochloa colona	true
Echinochloa crus-galli	true
Echinochloa crus-pavonis	true
Echinochloa esculenta	true
Echinochloa frumentacea	false
Echinochloa holciformis	false
Echinochloa oryzoides	true
Echinops exaltatus	false
Echinops ritro	false
Echinops sphaerocephalus	true
Echium candicans	false
Echium creticum	false
Echium italicum	false
Echium lusitanicum	false
Echium pininana	false
Echium plantagineum	true
Echium pustulatum	false
Echium vulgare	true
Edgeworthia chrysantha	false
Egeria densa	true
Ehrharta calycina	true
Ehrharta erecta	true
Ehrharta longiflora	true
Eichhornia azurea	true
Eichhornia crassipes	true
Eichhornia paniculata	true
Elaeagnus angustifolia	true
Elaeagnus multiflora	false
Elaeagnus pungens	true
Elaeagnus umbellata	true
Elaeis guineensis	true
Elatine ambigua	true
Elatine chilensis	false
Eleocharis acutangula	false
Eleocharis dulcis	false
Eleocharis pachycarpa	false
Eleusine coracana	false
Eleusine indica	true
Eleusine tristachya	true
Eleutherococcus sieboldianus	false
Elodea callitrichoides	true
Elsholtzia ciliata	true
Elymus caninus	false
Elymus repens	true
Elymus semicostatus	false
Emex australis	true
Emex spinosa	true
Emilia coccinea	true
Emilia fosbergii	true
Enchylaena tomentosa	true
Encyclia rufa	false
Enneapogon cenchroides	false
Enterolobium contortisiliquum	false
Enteropogon prieurii	false
Enydra fluctuans	false
Ephedra altissima	false
Ephedra distachya	false
Epidendrum radicans	true
Epilobium hirsutum	true
Epilobium obscurum	false
Epilobium parviflorum	false
Epimedium X	false
Epipactis atrorubens	false
Epipactis helleborine	true
Epiphyllum hookeri	false
Epipremnum pinnatum	true
Eragrostis airoides	false
Eragrostis atrovirens	true
Eragrostis bahiensis	false
Eragrostis barrelieri	false
Eragrostis cilianensis	true
Eragrostis ciliaris	true
Eragrostis cumingii	true
Eragrostis curvula	true
Eragrostis cylindriflora	false
Eragrostis echinochloidea	false
Eragrostis elongata	true
Eragrostis gangetica	false
Eragrostis japonica	true
Eragrostis lehmanniana	true
Eragrostis leptostachya	true
Eragrostis minor	true
Eragrostis pilosa	true
Eragrostis plana	true
Eragrostis scaligera	false
Eragrostis setifolia	false
Eragrostis superba	true
Eragrostis tef	false
Eragrostis tenella	true
Eragrostis unioloides	true
Eranthemum pulchellum	false
Eranthis hyemalis	false
Erechtites minimus	true
Erechtites quadridentata	false
Eremochloa ciliaris	false
Eremochloa ophiuroides	true
Eremopyrum bonaepartis	false
Eremopyrum orientale	false
Eremopyrum triticeum	false
Eremurus robustus	false
Erica canaliculata	false
Erica cinerea	false
Erica lusitanica	true
Erica tetralix	false
Erica vagans	false
Erigeron karvinskianus	true
Erigeron sumatrensis	true
Eriobotrya japonica	true
Eriocaulon benthamii	false
Eriocaulon cinereum	true
Eriochloa fatmensis	false
Eriochloa pseudoacrotricha	false
Eriochloa villosa	true
Erodium botrys	true
Erodium brachycarpum	true
Erodium ciconium	false
Erodium cicutarium	true
Erodium cygnorum	false
Erodium gruinum	false
Erodium laciniatum	false
Erodium malacoides	false
Erodium moschatum	true
Erodium stephanianum	true
Eruca vesicaria	false
Erucastrum gallicum	true
Eryngium amethystinum	false
Eryngium campestre	false
Eryngium divaricatum	false
Eryngium foetidum	true
Eryngium maritimum	false
Eryngium planum	false
Erysimum cheiranthoides	true
Erysimum cheiri	true
Erysimum diffusum	false
Erysimum hieraciifolium	false
Erysimum marschallianum	false
Erysimum odoratum	false
Erysimum perofskianum	false
Erysimum repandum	true
Erythrina crista-galli	true
Erythrostemon gilliesii	false
Escallonia rubra	true
Eucalyptus X	false
Eucalyptus camaldulensis	true
Eucalyptus cladocalyx	true
Eucalyptus glaucescens	false
Eucalyptus globulus	true
Eucalyptus grandis	true
Eucalyptus lehmannii	true
Eucalyptus polyanthemos	false
Eucalyptus pulchella	true
Eucalyptus pulverulenta	false
Eucalyptus robusta	true
Eucalyptus sideroxylon	true
Eucalyptus tereticornis	true
Eucalyptus torquata	false
Eucalyptus viminalis	true
Euchiton gymnocephalus	true
Euchiton involucratus	false
Euchiton japonicus	true
Euchiton sphaericus	true
Euclidium syriacum	false
Eucommia ulmoides	false
Eugenia apiculata	false
Eugenia uniflora	true
Eulophia graminea	false
Euonymus alatus	true
Euonymus europaeus	false
Euonymus fortunei	true
Euonymus hamiltonianus	false
Euonymus japonicus	false
Euonymus maackii	false
Euonymus phellomanus	false
Eupatorium cannabinum	false
Euphorbia X	false
Euphorbia agraria	false
Euphorbia characias	false
Euphorbia cyparissias	true
Euphorbia davidii	false
Euphorbia dendroides	false
Euphorbia epithymoides	false
Euphorbia esula	true
Euphorbia exigua	false
Euphorbia falcata	false
Euphorbia graminea	true
Euphorbia helioscopia	true
Euphorbia herniariifolia	false
Euphorbia lactea	true
Euphorbia lathyris	true
Euphorbia lucida	false
Euphorbia milii	false
Euphorbia myrsinites	false
Euphorbia oblongata	false
Euphorbia paralias	false
Euphorbia peplus	true
Euphorbia platyphyllos	false
Euphorbia rigida	false
Euphorbia segetalis	false
Euphorbia serrata	false
Euphorbia stricta	false
Euphorbia terracina	true
Euphorbia tirucalli	true
Euphorbia tubadenia	false
Euphorbia virgata	true
Euphrasia disjuncta	false
Euphrasia micrantha	false
Euphrasia stricta	false
Euphrasia tetraquetra	false
Euryops chrysanthemoides	false
Euryops multifidus	false
Eustachys distichophylla	false
Eustachys paspaloides	false
Eustachys retusa	false
Evolvulus convolvuloides	false
Evolvulus filipes	false
Evolvulus glomeratus	false
Exochorda racemosa	false
Facelis retusa	false
Fagopyrum esculentum	true
Fagopyrum tataricum	false
Fagus sylvatica	false
Falcaria vulgaris	false
Fallopia baldschuanica	true
Fallopia convolvulus	true
Fallopia dumetorum	true
Fallopia japonica	true
Fallopia multiflora	false
Fallopia sachalinensis	true
Fatoua villosa	true
Festuca arvernensis	false
Festuca filiformis	false
Festuca heterophylla	false
Festuca ovina	false
Festuca rubra	true
Festuca trachyphylla	false
Festuca valesiaca	false
Ficus altissima	true
Ficus benghalensis	true
Ficus benjamina	true
Ficus carica	true
Ficus elastica	true
Ficus microcarpa	true
Ficus palmata	false
Ficus pumila	true
Ficus religiosa	true
Ficus rubiginosa	true
Ficus thonningii	true
Filago pyramidata	false
Filago vulgaris	false
Filipendula ulmaria	true
Filipendula vulgaris	false
Fimbristylis littoralis	true
Fimbristylis schoenoides	true
Fingerhuthia africana	false
Firmiana simplex	true
Fissidens curvatus	false
Flacourtia indica	true
Flueggea acidoton	false
Foeniculum vulgare	true
Fontanesia phillyreoides	false
Forsythia X	false
Forsythia ovata	false
Forsythia suspensa	false
Forsythia viridissima	false
Fragaria chiloensis	false
Frangula alnus	true
Frankenia pulverulenta	false
Fraxinus excelsior	false
Fraxinus uhdei	true
Freesia corymbosa	false
Freesia laxa	false
Fritillaria imperialis	false
Fuchsia boliviana	true
Fuchsia hybrida	true
Fuchsia magellanica	true
Fuchsia paniculata	true
Fuirena coerulescens	false
Fumaria capreolata	false
Fumaria densiflora	false
Fumaria occidentalis	false
Fumaria officinalis	true
Fumaria parviflora	false
Fumaria reuteri	false
Fumaria vaillantii	false
Furcraea foetida	true
Gagea bohemica	false
Gagea fragifera	false
Gagea villosa	false
Gaillardia X	false
Galanthus elwesii	false
Galanthus nivalis	false
Galega officinalis	true
Galenia pubescens	false
Galenia secunda	false
Galeopsis angustifolia	false
Galeopsis bifida	true
Galeopsis ladanum	true
Galeopsis tetrahit	true
Galinsoga parviflora	true
Galinsoga quadriradiata	true
Galium X	false
Galium album	false
Galium aristatum	false
Galium divaricatum	true
Galium glaucum	false
Galium humifusum	false
Galium intermedium	false
Galium mollugo	true
Galium murale	false
Galium odoratum	false
Galium parisiense	true
Galium rubioides	false
Galium saxatile	false
Galium sylvaticum	false
Galium tricornutum	false
Galium verrucosum	false
Galium verum	true
Galphimia gracilis	false
Gamochaeta chionesthes	false
Gamochaeta coarctata	true
Gamochaeta simplicicaulis	true
Gamochaeta stachydifolia	false
Gastridium phleoides	true
Gaudinia fragilis	false
Gazania linearis	false
Gelidium vagum	false
Genista aetnensis	true
Genista canariensis	false
Genista linifolia	false
Genista maderensis	false
Genista monspessulana	true
Genista stenopetala	false
Genista tinctoria	true
Gentiana cruciata	false
Gentiana septemfida	false
Geranium aequale	false
Geranium columbinum	false
Geranium dissectum	true
Geranium divaricatum	false
Geranium homeanum	true
Geranium ibericum	false
Geranium lucidum	false
Geranium molle	true
Geranium palmatum	false
Geranium potentilloides	false
Geranium pratense	false
Geranium pusillum	true
Geranium pyrenaicum	false
Geranium retrorsum	true
Geranium robertianum	false
Geranium rotundifolium	false
Geranium sanguineum	true
Geranium sibiricum	false
Geranium solanderi	false
Geranium thunbergii	false
Geranium versicolor	false
Geranium yeoi	false
Gerbera jamesonii	true
Geum urbanum	false
Gibasis pellucida	false
Ginkgo biloba	false
Gisekia pharnacioides	false
Gladiolus X	false
Gladiolus communis	false
Gladiolus dalenii	true
Gladiolus italicus	false
Gladiolus papilio	false
Gladiolus tristis	false
Glandularia X	false
Glandularia hispida	false
Glandularia peruviana	false
Glandularia tenera	false
Glaucium corniculatum	false
Glaucium flavum	false
Glebionis coronaria	true
Glebionis coronarium	false
Glebionis segetum	true
Glechoma hederacea	true
Glinus lotoides	false
Gliricidia sepium	true
Globba schomburgkii	false
Glochidion puberum	false
Gloriosa superba	true
Glossostigma cleistanthum	false
Glyceria declinata	false
Glyceria fluitans	true
Glyceria maxima	true
Glycine max	false
Glycosmis parviflora	true
Glycyrrhiza glabra	false
Gnaphalium domingense	false
Gnaphalium uliginosum	true
Gomphocarpus fruticosus	true
Gomphrena globosa	true
Gomphrena martiana	false
Gonocarpus chinensis	true
Gracilaria vermiculophylla	true
Graptophyllum pictum	false
Grateloupia doryphora	true
Grevillea robusta	true
Grewia asiatica	false
Grewia biloba	false
Guizotia abyssinica	false
Gunnera tinctoria	true
Gymnadenia conopsea	false
Gynandropsis gynandra	true
Gynura aurantiaca	false
Gypsophila acutifolia	false
Gypsophila cerastoides	false
Gypsophila elegans	true
Gypsophila muralis	false
Gypsophila oldhamiana	false
Gypsophila paniculata	true
Gypsophila pilosa	false
Gypsophila repens	false
Gypsophila scorzonerifolia	false
Habranthus robustus	false
Hainardia cylindrica	false
Hakonechloa macra	false
Halimium lasianthum	false
Halimodendron halodendron	false
Halogeton glomeratus	true
Haloragis erecta	false
Haplocarpha lyrata	false
Harpullia arborea	false
Hebe X	false
Hebe speciosa	true
Hedera colchica	false
Hedera helix	true
Hedera hibernica	true
Hedychium coronarium	true
Hedychium flavescens	true
Hedypnois cretica	false
Hedypnois rhagadioloides	true
Helianthemum salicifolium	false
Helichrysum luteoalbum	false
Helichrysum petiolare	true
Heliconia latispatha	true
Heliconia rostrata	false
Heliotropium amplexicaule	true
Heliotropium arborescens	true
Heliotropium europaeum	true
Heliotropium indicum	true
Heliotropium ramosissimum	false
Heliotropium supinum	false
Helleborus foetidus	false
Helleborus niger	false
Helleborus orientalis	false
Helleborus viridis	false
Helminthotheca echioides	true
Hemarthria altissima	true
Hemerocallis fulva	true
Hemerocallis lilioasphodelus	false
Hemerocallis minor	false
Hemiscola diffusa	false
Heracleum mantegazzianum	true
Heracleum sphondylium	false
Hermbstaedtia odorata	false
Herniaria cinerea	false
Herniaria glabra	false
Herniaria hirsuta	false
Herniaria incana	false
Hesperis matronalis	true
Heteranthemis viscidehirta	false
Heterosiphonia japonica	true
Hibiscus acetosella	false
Hibiscus cannabinus	false
Hibiscus mutabilis	true
Hibiscus radiatus	false
Hibiscus rosa-sinensis	false
Hibiscus sabdariffa	false
Hibiscus schizopetalus	false
Hibiscus syriacus	false
Hibiscus trionum	true
Hieracium X	false
Hieracium atratum	false
Hieracium aurantiacum	true
Hieracium caespitosum	true
Hieracium flagellare	false
Hieracium glomeratum	false
Hieracium lactucella	false
Hieracium maculatum	false
Hieracium murorum	true
Hieracium pilosella	true
Hieracium piloselloides	true
Hieracium sabaudum	false
Hieracium vulgatum	true
Hippeastrum puniceum	false
Hippobroma longiflora	true
Hippocrepis comosa	false
Hiptage benghalensis	true
Hirschfeldia incana	true
Hoheria populnea	false
Holcus lanatus	true
Holcus mollis	true
Holmskioldia sanguinea	true
Holosteum umbellatum	false
Hordeum bulbosum	false
Hordeum marinum	true
Hordeum murinum	true
Hordeum vulgare	true
Hosta lancifolia	false
Hosta plantaginea	false
Hosta ventricosa	false
Houttuynia cordata	true
Hovenia dulcis	true
Humulus japonicus	true
Humulus lupulus	false
Hunnemannia fumariifolia	true
Hyacinthoides X	false
Hyacinthoides hispanica	false
Hyacinthoides non-scripta	false
Hyacinthus orientalis	false
Hydrangea paniculata	false
Hydrilla verticillata	true
Hydrocharis morsus-ranae	true
Hydrocleys nymphoides	true
Hydrocotyle bowlesioides	true
Hydrocotyle moschata	false
Hydrocotyle sibthorpioides	true
Hygrophila corymbosa	false
Hygrophila difformis	false
Hygrophila polysperma	true
Hylocereus undatus	true
Hylotelephium erythrostictum	false
Hylotelephium spectabile	false
Hylotelephium telephium	false
Hymenocallis littoralis	false
Hymenoxys anthemoides	false
Hyoscyamus albus	false
Hyoscyamus niger	true
Hyparrhenia hirta	true
Hyparrhenia rufa	true
Hypecoum imberbe	false
Hypecoum pendulum	false
Hypericum androsaemum	false
Hypericum beanii	false
Hypericum calycinum	false
Hypericum canariense	true
Hypericum hookerianum	false
Hypericum humifusum	false
Hypericum perforatum	true
Hypochaeris chillensis	false
Hypochaeris glabra	true
Hypochaeris microcephala	false
Hypochaeris radicata	true
Hypoestes phyllostachya	true
Hyptis mutabilis	false
Hyptis pectinata	true
Hyssopus officinalis	false
Iberis amara	true
Iberis carnosa	false
Iberis gibraltarica	false
Iberis linifolia	false
Iberis sempervirens	false
Iberis umbellata	true
Ibicella lutea	false
Idesia polycarpa	false
Ilex aquifolium	true
Ilex cornuta	false
Ilex crenata	false
Ilex rotunda	false
Illecebrum verticillatum	false
Impatiens balfourii	true
Impatiens balsamina	true
Impatiens glandulifera	true
Impatiens parviflora	true
Impatiens walleriana	true
Imperata brasiliensis	false
Imperata cylindrica	true
Indigofera colutea	false
Indigofera decora	false
Indigofera hendecaphylla	true
Indigofera hirsuta	false
Indigofera kirilowii	false
Indigofera parviflora	false
Indigofera pilosa	false
Indigofera spicata	true
Indigofera tinctoria	true
Indigofera trifoliata	false
Inula britannica	false
Inula helenium	true
Inula salicina	false
Ionopsidium acaule	false
Ipomoea amnicola	false
Ipomoea aquatica	true
Ipomoea asarifolia	false
Ipomoea batatas	true
Ipomoea cairica	true
Ipomoea carnea	true
Ipomoea coccinea	false
Ipomoea cordifolia	false
Ipomoea hederacea	false
Ipomoea indica	true
Ipomoea purpurea	true
Ipomoea quamoclit	true
Ipomoea setosa	false
Ipomoea tricolor	false
Ipomoea triloba	true
Ipomoea turbinata	false
Ipomoea wrightii	false
Iris X	false
Iris aphylla	false
Iris domestica	true
Iris ensata	false
Iris foetidissima	false
Iris germanica	true
Iris laevigata	false
Iris orientalis	false
Iris pallida	false
Iris pseudacorus	true
Iris pumila	false
Iris sanguinea	false
Iris sibirica	false
Iris spuria	false
Iris tectorum	false
Iris variegata	false
Iris xiphium	false
Isatis tinctoria	true
Ismelia carinata	false
Isocarpha oppositifolia	false
Isolepis hystrix	false
Isolepis levynsiana	false
Isolepis prolifera	false
Isolepis setacea	false
Isotoma fluviatilis	false
Iva cheiranthifolia	false
Ixeris stolonifera	false
Ixia campanulata	false
Ixia maculata	false
Ixia polystachya	false
Ixora coccinea	false
Ixora pavetta	false
Jaborosa integrifolia	false
Jacaranda mimosifolia	true
Jacobaea aquatica	false
Jacobaea erucifolia	false
Jacobaea maritima	false
Jacobaea vulgaris	true
Jacquemontia agrestis	false
Jarava plumosa	false
Jasione montana	false
Jasminum dichotomum	false
Jasminum fluminense	true
Jasminum mesnyi	false
Jasminum multiflorum	true
Jasminum nitidum	false
Jasminum nudiflorum	false
Jasminum officinale	false
Jasminum sambac	true
Jatropha curcas	true
Jatropha gossypiifolia	true
Jatropha integerrima	false
Jatropha multifida	true
Jovibarba heuffelii	false
Juglans X	false
Juglans ailantifolia	false
Juglans mandshurica	true
Juglans regia	true
Juncus arcticus	false
Juncus bulbosus	false
Juncus capitatus	false
Juncus compressus	true
Juncus conglomeratus	false
Juncus cyperoides	false
Juncus inflexus	false
Juncus maritimus	false
Juncus pallidus	false
Juncus planifolius	true
Juncus subnodulosus	false
Juncus usitatus	false
Juniperus chinensis	false
Juniperus sabina	false
Justicia brandegeeana	false
Justicia spicigera	true
Kalanchoe blossfeldiana	true
Kalanchoe crenata	true
Kalanchoe daigremontiana	true
Kalanchoe delagoensis	true
Kalanchoe fedtschenkoi	true
Kalanchoe gastonis-bonnieri	false
Kalanchoe integra	false
Kalanchoe laciniata	false
Kalanchoe pinnata	true
Kali collina	false
Kali gobicolum	false
Kali paulsenii	false
Kali ryanii	true
Kali turgidum	false
Kalopanax septemlobus	false
Kerria japonica	true
Khaya senegalensis	false
Kickxia elatine	false
Kickxia spuria	false
Knautia arvensis	false
Kniphofia uvaria	false
Kochia prostrata	false
Kochia scoparia	true
Koelreuteria bipinnata	false
Koelreuteria elegans	true
Koelreuteria paniculata	true
Kolkwitzia amabilis	false
Krapovickasia physaloides	false
Kummerowia stipulacea	false
Kummerowia striata	true
Kyllinga squamulata	false
Lablab purpureus	true
Laburnum X	false
Laburnum anagyroides	false
Lachnagrostis filiformis	true
Lactuca saligna	false
Lactuca sativa	true
Lactuca serriola	true
Lactuca virosa	false
Laelia rubescens	false
Lagascea mollis	true
Lagenaria siceraria	false
Lagerstroemia indica	true
Lagunaria patersonia	false
Lagurus ovatus	true
Lallemantia peltata	false
Lamarckia aurea	true
Lamium album	true
Lamium amplexicaule	true
Lamium galeobdolon	true
Lamium maculatum	true
Lamium purpureum	true
Lampranthus coccineus	false
Lampranthus multiradiatus	false
Lantana camara	true
Lantana montevidensis	true
Laportea aestuans	true
Lappula marginata	false
Lappula squarrosa	true
Lapsana communis	true
Lapsanastrum apogonoides	false
Larix decidua	true
Larix kaempferi	false
Lasiacis ruscifolia	false
Lasiopogon glomerulatus	false
Lasiospermum bipinnatum	false
Lathyrus angulatus	false
Lathyrus aphaca	false
Lathyrus cicera	false
Lathyrus hirsutus	false
Lathyrus inconspicuus	false
Lathyrus latifolius	true
Lathyrus nissolia	false
Lathyrus odoratus	true
Lathyrus pannonicus	false
Lathyrus pratensis	true
Lathyrus sativus	false
Lathyrus sphaericus	false
Lathyrus sylvestris	false
Lathyrus tingitanus	true
Lathyrus tuberosus	false
Launaea intybacea	true
Laurus nobilis	true
Lavandula angustifolia	false
Lavandula stoechas	false
Lavatera olbia	false
Lavatera thuringiaca	false
Lavatera trimestris	false
Legousia speculum-veneris	false
Lens culinaris	false
Leonotis leonurus	true
Leonotis nepetifolia	true
Leontodon autumnalis	true
Leontodon hispidus	true
Leontodon saxatilis	false
Leonurus cardiaca	false
Leonurus japonicus	true
Leonurus sibiricus	true
Lepidium africanum	true
Lepidium apetalum	true
Lepidium appelianum	false
Lepidium bonariense	true
Lepidium campestre	true
Lepidium chalepensis	false
Lepidium coronopus	true
Lepidium didymum	true
Lepidium draba	true
Lepidium graminifolium	false
Lepidium heterophyllum	true
Lepidium hirtum	false
Lepidium latifolium	true
Lepidium perfoliatum	true
Lepidium pinnatifidum	false
Lepidium ruderale	true
Lepidium sativum	true
Lepidium schinzii	false
Leptochloa chloridiformis	false
Leptochloa decipiens	false
Leptochloa digitata	false
Leptochloa divaricatissima	false
Leptospermum laevigatum	true
Lepyrodiclis holosteoides	false
Lespedeza bicolor	true
Lespedeza cuneata	true
Lespedeza cyrtobotrya	false
Lespedeza daurica	false
Lespedeza thunbergii	false
Lespedeza virgata	false
Leucaena esculenta	false
Leucaena leucocephala	true
Leucanthemella serotina	false
Leucanthemum X	true
Leucanthemum lacustre	false
Leucanthemum maximum	true
Leucanthemum vulgare	true
Leucojum aestivum	false
Leucojum vernum	false
Levisticum officinale	false
Leycesteria formosa	true
Leymus angustus	false
Leymus arenarius	false
Leymus multicaulis	false
Leymus racemosus	true
Libertia chilensis	false
Ligularia dentata	false
Ligustrum amurense	false
Ligustrum japonicum	true
Ligustrum lucidum	true
Ligustrum obtusifolium	true
Ligustrum ovalifolium	true
Ligustrum quihoui	false
Ligustrum sinense	true
Ligustrum tschonoskii	false
Ligustrum vulgare	true
Lilium bulbiferum	false
Lilium candidum	false
Lilium formosanum	true
Lilium lancifolium	false
Lilium longiflorum	false
Lilium martagon	false
Lilium philippinense	false
Lilium regale	true
Limnophila indica	true
Limnophila sessiliflora	true
Limonium arborescens	false
Limonium binervosum	false
Limonium cuspidatum	false
Limonium duriusculum	true
Limonium gerberi	false
Limonium leptostachyum	false
Limonium otolepis	false
Limonium perezii	false
Limonium ramosissimum	true
Limonium sinuatum	true
Limonium vulgare	false
Linaria aeruginea	false
Linaria angustissima	true
Linaria bipartita	false
Linaria dalmatica	true
Linaria genistifolia	false
Linaria incarnata	false
Linaria maroccana	true
Linaria pinifolia	true
Linaria purpurea	true
Linaria repens	false
Linaria reticulata	false
Linaria spartea	false
Linaria supina	false
Linaria vulgaris	true
Lindernia antipoda	true
Lindernia ciliata	false
Lindernia crustacea	true
Lindernia diffusa	false
Lindernia procumbens	true
Linum bienne	true
Linum catharticum	false
Linum grandiflorum	false
Linum perenne	false
Linum trigynum	true
Linum usitatissimum	true
Lipocarpha rehmannii	false
Liriope graminifolia	false
Liriope muscari	false
Liriope spicata	true
Lithodora fruticosa	false
Lithospermum officinale	false
Lithrea molleoides	false
Livistona chinensis	true
Lobelia chinensis	false
Lobelia erinus	true
Lobelia pedunculata	false
Lobularia maritima	true
Logfia arvensis	false
Logfia gallica	true
Logfia minima	false
Lolium multiflorum	true
Lolium perenne	true
Lolium persicum	true
Lolium rigidum	true
Lolium temulentum	true
Lomelosia stellata	false
Lomentaria hakodatensis	false
Lonchocarpus punctatus	false
Lonicera X	true
Lonicera alpigena	false
Lonicera caprifolium	false
Lonicera etrusca	false
Lonicera fragrantissima	true
Lonicera japonica	true
Lonicera korolkowii	false
Lonicera maackii	true
Lonicera morrowii	true
Lonicera periclymenum	false
Lonicera pileata	false
Lonicera ruprechtiana	false
Lonicera standishii	false
Lonicera tatarica	true
Lonicera xylosteum	true
Loropetalum chinense	false
Lotononis bainesii	false
Lotus angustissimus	false
Lotus corniculatus	true
Lotus tenuis	false
Lotus uliginosus	true
Ludwigia grandiflora	true
Ludwigia longifolia	false
Ludwigia peploides	false
Ludwigia peruviana	true
Luffa acutangula	true
Luffa aegyptiaca	false
Lumnitzera racemosa	false
Lunaria annua	false
Lunaria rediviva	false
Lunularia cruciata	false
Lupinus albus	false
Lupinus angustifolius	true
Lupinus luteus	true
Luziola peruviana	false
Luziola subintegra	true
Luzula campestris	false
Luzula congesta	false
Luzula forsteri	false
Luzula luzuloides	false
Luzula pallescens	false
Lycianthes asarifolia	false
Lycianthes rantonnetii	false
Lycium barbarum	true
Lycium chinense	false
Lycium ferocissimum	true
Lycopus europaeus	true
Lycoris radiata	false
Lycoris squamigera	false
Lygodium japonicum	true
Lygodium microphyllum	true
Lysiloma sabicu	false
Lysimachia arvensis	false
Lysimachia barystachys	false
Lysimachia clethroides	false
Lysimachia japonica	true
Lysimachia nummularia	true
Lysimachia punctata	true
Lysimachia vulgaris	true
Lythrum hyssopifolia	true
Lythrum portula	false
Lythrum salicaria	true
Lythrum thymifolia	false
Lythrum tribracteatum	false
Lythrum virgatum	false
Maackia amurensis	false
Macleaya cordata	false
Maclura tricuspidata	false
Macroptilium gibbosifolium	false
Macroptilium lathyroides	true
Macrothelypteris torresiana	true
Magnolia X	false
Magnolia figo	false
Magnolia kobus	false
Magnolia stellata	false
Malachra alceifolia	true
Malcolmia maritima	false
Malephora crocea	true
Malpighia coccigera	false
Malpighia emarginata	false
Malus X	false
Malus baccata	false
Malus coronaria	false
Malus floribunda	false
Malus halliana	false
Malus hupehensis	false
Malus mandshurica	false
Malus prunifolia	false
Malus pumila	true
Malus sieboldii	false
Malus spectabilis	false
Malva alcea	false
Malva arborea	true
Malva moschata	false
Malva multiflora	false
Malva neglecta	true
Malva nicaeensis	false
Malva parviflora	true
Malva pusilla	true
Malva sylvestris	true
Malva verticillata	true
Malvastrum coromandelianum	true
Malvaviscus arboreus	false
Malvaviscus penduliflorus	true
Mangifera indica	true
Manihot esculenta	true
Manihot grahamii	true
Manilkara zapota	true
Mantisalca salmantica	false
Maranta arundinacea	false
Marrubium vulgare	true
Marsilea drummondii	false
Marsilea hirsuta	false
Marsilea minuta	true
Marsilea mutica	false
Marsilea quadrifolia	true
Matricaria chamomilla	true
Matricaria discoidea	true
Matthiola incana	false
Matthiola longipetala	false
Maurandya barclaiana	false
Mauranthemum paludosum	false
Maytenus boaria	false
Mazus miquelii	false
Mazus pumilus	true
Medicago arabica	false
Medicago heldreichii	false
Medicago hybrida	false
Medicago laciniata	false
Medicago littoralis	false
Medicago lupulina	true
Medicago minima	true
Medicago monantha	false
Medicago monspeliaca	false
Medicago orbicularis	false
Medicago polymorpha	true
Medicago praecox	false
Medicago rigidula	false
Medicago sativa	true
Medicago scutellata	false
Medicago truncatula	false
Medicago turbinata	false
Megathyrsus maximus	true
Melaleuca armillaris	false
Melaleuca linariifolia	false
Melaleuca quinquenervia	true
Melampodium perfoliatum	false
Melampodium sericeum	false
Melia azedarach	true
Melianthus major	true
Melica altissima	false
Melica ciliata	false
Melicoccus bijugatus	true
Melilotus albus	true
Melilotus altissimus	false
Melilotus indicus	true
Melilotus officinalis	true
Melilotus sulcatus	false
Melinis minutiflora	true
Melinis repens	true
Melissa officinalis	true
Melochia corchorifolia	true
Mentha X	false
Mentha aquatica	false
Mentha pulegium	true
Mentha spicata	true
Mentha suaveolens	true
Mercurialis annua	true
Merremia aegyptia	true
Merremia tuberosa	true
Mesembryanthemum crystallinum	true
Mesembryanthemum nodiflorum	false
Metaplexis japonica	false
Metasequoia glyptostroboides	false
Mibora minima	false
Micropsis dasycarpa	false
Microstachys corniculata	false
Microstegium vimineum	true
Microthlaspi perfoliatum	true
Mikania micrantha	true
Milium vernale	false
Millettia pinnata	false
Mimosa pigra	true
Mimosa pudica	true
Mimusops coriacea	false
Mimusops elengi	true
Mirabilis jalapa	true
Miscanthus floridulus	true
Miscanthus sacchariflorus	false
Miscanthus sinensis	true
Misopates orontium	true
Mitracarpus hirtus	true
Mnesithea granularis	true
Moehringia trinervia	false
Moenchia erecta	false
Molineria capitulata	true
Molinia caerulea	true
Mollugo cerviana	true
Mollugo flavescens	false
Mollugo nudicaulis	false
Moluccella laevis	false
Momordica balsamina	false
Momordica charantia	true
Monochoria vaginalis	false
Monstera deliciosa	false
Moorochloa eruciformis	false
Moraea collina	false
Moraea polystachya	false
Morella rubra	false
Moricandia arvensis	false
Morinda citrifolia	true
Moringa oleifera	true
Morrenia odorata	false
Morus alba	true
Morus nigra	false
Mosla dianthera	false
Mucuna pruriens	false
Muehlenbeckia complexa	true
Muehlenbeckia hastulata	false
Muhlenbergia cenchroides	false
Muntingia calabura	true
Murdannia keisak	true
Murdannia nudiflora	true
Murdannia spirata	false
Murraya paniculata	true
Musa X	true
Musa acuminata	false
Muscari armeniacum	false
Muscari botryoides	false
Muscari comosum	false
Muscari neglectum	false
Myagrum perfoliatum	false
Mycelis muralis	true
Myoporum laetum	true
Myosotis arvensis	true
Myosotis azorica	true
Myosotis discolor	true
Myosotis latifolia	false
Myosotis scorpioides	true
Myosotis stricta	false
Myosotis sylvatica	true
Myosoton aquaticum	false
Myriophyllum aquaticum	true
Myriophyllum spicatum	true
Myrrhis odorata	true
Myrtus communis	false
Najas graminea	false
Najas minor	true
Najas wrightiana	false
Nandina domestica	true
Narcissus X	false
Narcissus assoanus	false
Narcissus bulbocodium	false
Narcissus jonquilla	false
Narcissus papyraceus	false
Narcissus poeticus	true
Narcissus pseudonarcissus	false
Narcissus tazetta	true
Nardus stricta	true
Nassella chilensis	false
Nassella manicata	false
Nassella neesiana	true
Nassella trichotoma	true
Nasturtium X	false
Nasturtium microphyllum	true
Nasturtium officinale	true
Neillia incisa	false
Nelumbo nucifera	true
Nepeta cataria	true
Nepeta grandiflora	false
Nepeta racemosa	true
Nephrolepis brownii	true
Nephrolepis cordifolia	true
Nephrolepis falcata	true
Neptunia oleracea	false
Nerium oleander	true
Neslia paniculata	true
Neurolaena lobata	true
Neyraudia reynaudiana	true
Nicandra physalodes	true
Nicotiana X	false
Nicotiana acuminata	false
Nicotiana alata	false
Nicotiana glauca	true
Nicotiana langsdorffii	false
Nicotiana longiflora	false
Nicotiana plumbaginifolia	true
Nicotiana rustica	true
Nicotiana suaveolens	false
Nicotiana sylvestris	false
Nicotiana tabacum	true
Nierembergia linariifolia	false
Nierembergia scoparia	false
Nigella damascena	false
Nigella sativa	false
Nipponanthemum nipponicum	false
Nitellopsis obtusa	true
Nomaphila stricta	false
Nonea lutea	false
Nonea rosea	false
Nonea vesicaria	false
Nopalea cochenillifera	true
Noronhia emarginata	true
Nothoscordum borbonicum	false
Nothoscordum gracile	false
Nymphaea X	false
Nymphaea alba	true
Nymphaea capensis	true
Nymphaea jamesoniana	false
Nymphaea lotus	true
Nymphoides cristata	false
Nymphoides indica	false
Nymphoides peltata	true
Ochna serrulata	true
Ochrosia elliptica	true
Ocimum basilicum	true
Odontites vernus	false
Odontites vulgaris	true
Odontonema cuspidatum	true
Odontonema tubaeforme	true
Oeceoclades maculata	true
Oenanthe aquatica	false
Oenanthe javanica	false
Oenanthe pimpinelloides	false
Oenothera affinis	true
Oenothera cordata	false
Oenothera glazioviana	true
Oenothera mollissima	false
Oenothera stricta	true
Oldenlandia salzmannii	false
Olea europaea	true
Omphalodes linifolia	false
Oncosiphon piluliferum	false
Oncosiphon suffruticosum	false
Onobrychis viciifolia	true
Ononis alopecuroides	false
Ononis arvensis	false
Ononis repens	false
Ononis spinosa	false
Onopordum acanthium	true
Onopordum illyricum	true
Onopordum tauricum	false
Ophioglossum pendulum	true
Ophiopogon jaburan	false
Ophiopogon japonicus	false
Oplismenus burmannii	true
Oplismenus undulatifolius	true
Opuntia ficus-indica	true
Opuntia leucotricha	true
Opuntia microdasys	true
Opuntia monacantha	true
Opuntia tomentosa	true
Origanum majorana	false
Origanum vulgare	false
Orlaya grandiflora	false
Ornithogalum caudatum	false
Ornithogalum nutans	false
Ornithogalum pyrenaicum	false
Ornithogalum umbellatum	true
Ornithopus compressus	false
Ornithopus perpusillus	false
Ornithopus pinnatus	false
Ornithopus sativus	true
Orobanche minor	false
Orobanche ramosa	false
Orychophragmus violaceus	false
Oryza rufipogon	false
Oryza sativa	true
Osmanthus heterophyllus	false
Osteospermum ecklonis	false
Osteospermum fruticosum	false
Osteospermum spinescens	false
Otholobium fruticans	false
Ottelia alismoides	true
Oxalis bowiei	false
Oxalis corniculata	false
Oxalis debilis	true
Oxalis exilis	true
Oxalis hirta	false
Oxalis incarnata	false
Oxalis pes-caprae	true
Oxalis purpurea	false
Oxalis rubra	false
Oxalis triangularis	false
Oxybasis glauca	false
Oxyrhynchus volubilis	false
Oxytropis riparia	false
Pachymeniopsis lanceolata	false
Pachyrhizus erosus	true
Pachysandra terminalis	false
Paederia cruddasiana	true
Paederia foetida	true
Paeonia lactiflora	false
Paeonia officinalis	false
Paliurus spina-christi	false
Pallenis maritima	false
Pancratium maritimum	false
Panicum antidotale	true
Panicum bergii	false
Panicum bisulcatum	false
Panicum coloratum	true
Panicum miliaceum	true
Panicum paludosum	false
Panicum repens	true
Panicum sumatrense	false
Panphalea heterophylla	false
Papaver X	false
Papaver argemone	false
Papaver cambricum	true
Papaver dubium	true
Papaver glaucum	false
Papaver hybridum	false
Papaver orientale	false
Papaver rhoeas	true
Papaver somniferum	true
Pappobolus microphyllus	false
Parapholis incurva	false
Parapholis strigosa	false
Paraserianthes lophantha	true
Parentucellia latifolia	false
Parentucellia viscosa	true
Parietaria judaica	false
Parietaria officinalis	false
Paronychia echinulata	false
Paronychia franciscana	false
Parthenium hysterophorus	true
Parthenocissus tricuspidata	true
Pascalia glauca	false
Paspalum almum	false
Paspalum conspersum	false
Paspalum convexum	false
Paspalum coryphaeum	false
Paspalum dilatatum	true
Paspalum fimbriatum	true
Paspalum intermedium	false
Paspalum malacophyllum	true
Paspalum modestum	false
Paspalum nicorae	false
Paspalum notatum	false
Paspalum paniculatum	true
Paspalum quadrifarium	true
Paspalum racemosum	false
Paspalum scrobiculatum	false
Paspalum urvillei	true
Passiflora arida	false
Passiflora biflora	false
Passiflora caerulea	true
Passiflora coccinea	false
Passiflora edulis	true
Passiflora foetida	false
Passiflora gracilis	false
Passiflora jamesonii	false
Passiflora manicata	true
Passiflora mixta	false
Passiflora morifolia	false
Passiflora tarminiana	true
Passiflora vitifolia	true
Pastinaca sativa	true
Paulownia tomentosa	true
Pavonia hastata	false
Peganum harmala	true
Pelargonium X	false
Pelargonium capitatum	true
Pelargonium grossularioides	false
Pelargonium inodorum	false
Pelargonium inquinans	false
Pelargonium panduriforme	false
Pelargonium peltatum	false
Pelargonium quercifolium	false
Pelargonium vitifolium	false
Pelargonium zonale	false
Peltophorum dubium	false
Peltophorum pterocarpum	true
Pentaglottis sempervirens	true
Pentas lanceolata	true
Pentzia incana	false
Peperomia amplexicaulis	false
Peperomia pellucida	true
Pereskia aculeata	true
Pereskia grandifolia	false
Perezia multiflora	false
Pericallis hybrida	false
Perilla frutescens	true
Periploca graeca	false
Persea americana	true
Persicaria bungeana	false
Persicaria capitata	true
Persicaria extremiorientalis	false
Persicaria hydropiper	true
Persicaria longiseta	true
Persicaria maculosa	true
Persicaria nepalensis	true
Persicaria orientalis	true
Persicaria perfoliata	true
Persicaria posumbu	false
Persicaria wallichii	true
Petasites hybridus	true
Petasites japonicus	true
Petasites pyrenaicus	false
Petrea volubilis	true
Petrorhagia dubia	true
Petrorhagia nanteuilii	false
Petrorhagia prolifera	false
Petrorhagia saxifraga	false
Petrosedum sediforme	false
Petroselinum crispum	true
Petunia X	false
Petunia axillaris	false
Petunia integrifolia	true
Peucedanum ostruthium	false
Peucedanum palustre	false
Phaius tankervilleae	true
Phalaris aquatica	true
Phalaris brachystachys	true
Phalaris canariensis	true
Phalaris coerulescens	false
Phalaris minor	true
Phalaris paradoxa	true
Phanera yunnanensis	false
Phaseolus coccineus	false
Phaseolus lunatus	true
Phaseolus vulgaris	false
Phedimus aizoon	false
Phedimus spurius	true
Phegopteris decursivepinnata	false
Phelipanche aegyptiaca	true
Phellodendron amurense	true
Phellodendron chinense	false
Philadelphus coronarius	false
Philadelphus incanus	false
Philadelphus tomentosus	false
Philodendron hederaceum	true
Philydrum lanuginosum	false
Phleum arenarium	false
Phleum paniculatum	false
Phleum pratense	true
Phleum subulatum	false
Phlomis fruticosa	false
Phlomoides tuberosa	false
Phlox X	false
Phoenix canariensis	true
Phoenix dactylifera	true
Phoenix reclinata	true
Photinia glabra	false
Photinia parvifolia	false
Photinia serratifolia	false
Photinia villosa	false
Phragmites australis	true
Phyla fruticosa	false
Phyllanthus acidus	false
Phyllanthus amarus	false
Phyllanthus angustifolius	false
Phyllanthus fluitans	false
Phyllanthus fraternus	false
Phyllanthus tenellus	true
Phyllanthus urinaria	true
Phyllostachys aureosulcata	true
Phyllostachys bissetii	false
Phyllostachys dulcis	false
Phyllostachys edulis	true
Phyllostachys flexuosa	true
Phyllostachys meyeri	false
Phyllostachys nigra	true
Phyllostachys reticulata	true
Phyllostachys rubromarginata	false
Phyllostachys sulphurea	false
Phyllostachys viridiglaucescens	true
Phymatosorus scolopendria	true
Physalis alkekengi	false
Physalis minima	false
Physalis peruviana	true
Physalis philadelphica	true
Phyteuma scheuchzeri	false
Phytolacca bogotensis	false
Phytolacca heterotepala	false
Picea abies	true
Picea orientalis	false
Picris pauciflora	false
Picris rhagadioloides	false
Pieris japonica	false
Pilea involucrata	false
Pilea trianthemoides	false
Pimenta dioica	true
Pimpinella anisum	false
Pimpinella major	false
Pimpinella nigra	false
Pimpinella saxifraga	true
Pinellia ternata	false
Pinus brutia	false
Pinus halepensis	true
Pinus mugo	true
Pinus nigra	true
Pinus pinaster	true
Pinus pinea	true
Pinus roxburghii	true
Pinus sylvestris	true
Pinus thunbergii	true
Pinus wallichiana	true
Piper auritum	true
Piptatherum miliaceum	true
Piptochaetium fuscum	false
Piptochaetium stipoides	false
Pistacia atlantica	false
Pistacia chinensis	false
Pistacia vera	false
Pisum fulvum	false
Pisum sativum	false
Pithecellobium dulce	true
Pittosporum crassifolium	false
Pittosporum eugenioides	false
Pittosporum pentandrum	true
Pittosporum tenuifolium	false
Pittosporum tobira	true
Pittosporum undulatum	true
Pityrogramma calomelanos	true
Plantago coronopus	false
Plantago firma	false
Plantago floccosa	false
Plantago lanceolata	true
Plantago major	true
Plantago media	false
Platago afra	false
Platanus X	false
Platycerium bifurcatum	true
Platycladus orientalis	false
Platycodon grandiflorus	true
Plecostachys serpyllifolia	false
Plectranthus amboinicus	true
Plectranthus parviflorus	true
Pleioblastus simonii	false
Plumbago auriculata	true
Poa annua	true
Poa bulbosa	true
Poa chaixii	false
Poa compressa	true
Poa infirma	false
Poa nemoralis	true
Poa pratensis	true
Poa trivialis	true
Podocarpus macrophyllus	true
Podranea ricasoliana	true
Pogonarthria squarrosa	false
Poincianella mexicana	false
Polemonium caeruleum	false
Polemonium cuspidatum	false
Polyalthia suberosa	true
Polycarpaea corymbosa	false
Polycarpon alsinifolium	false
Polycarpon tetraphyllum	true
Polycnemum majus	false
Polygala myrtifolia	true
Polygala paniculata	true
Polygala vulgaris	false
Polygonatum latifolium	false
Polygonum arenarium	false
Polygonum argyrocoleon	true
Polygonum aviculare	true
Polygonum bellardii	false
Polygonum lacerum	false
Polygonum patulum	true
Polygonum plebeium	false
Polygonum polycnemoides	false
Polypogon australis	false
Polypogon fugax	true
Polypogon imberbis	false
Polypogon maritimus	false
Polypogon monspeliensis	true
Polypogon viridis	true
Polyscias guilfoylei	false
Polystichum polyblepharum	false
Polystichum setiferum	false
Polytrias indica	true
Poncirus trifoliata	false
Populus X	true
Populus alba	true
Populus nigra	false
Populus simonii	false
Populus tremula	false
Poranopsis paniculata	true
Portulaca amilis	false
Portulaca biloba	false
Portulaca grandiflora	true
Posidonia oceanica	false
Potamogeton crispus	true
Potamogeton polygonifolius	false
Potentilla alba	false
Potentilla anglica	false
Potentilla argentea	true
Potentilla collina	true
Potentilla erecta	false
Potentilla inclinata	true
Potentilla intermedia	true
Potentilla recta	true
Potentilla reptans	true
Pouteria campechiana	true
Pouteria dominigensis	false
Pouzolzia zeylanica	false
Praxelis clematidea	true
Premna odorata	false
Primula X	false
Primula japonica	true
Primula veris	false
Prosopis laevigata	false
Prunella laciniata	false
Prunus X	false
Prunus armeniaca	false
Prunus avium	true
Prunus cerasifera	true
Prunus cerasoides	false
Prunus cerasus	true
Prunus domestica	true
Prunus dulcis	false
Prunus fruticosa	false
Prunus glandulosa	false
Prunus insititia	false
Prunus laurocerasus	true
Prunus lusitanica	false
Prunus mahaleb	true
Prunus mume	false
Prunus padus	true
Prunus persica	true
Prunus serrulata	false
Prunus spinosa	false
Prunus subhirtella	false
Prunus tomentosa	true
Prunus triloba	false
Prunus yedoensis	false
Psathyrostachys juncea	true
Pseudabutilon stuckertii	false
Pseudelephantopus spicatus	true
Pseuderanthemum variabile	true
Pseudognaphalium elegans	false
Pseudognaphalium roseum	false
Pseudogynoxys chenopodioides	true
Pseudolysimachion spurium	false
Pseudosasa japonica	true
Pseudoscleropodium purum	false
Psidium cattleianum	true
Psidium guajava	true
Psychotria punctata	false
Pteris cretica	true
Pteris multifida	false
Pteris parkeri	false
Pteris tremula	true
Pteris tripartita	false
Pteris vittata	true
Pterocarya stenoptera	false
Ptychomitrium serratum	false
Ptychosperma elegans	true
Ptychosperma macarthurii	true
Puccinellia distans	false
Puccinellia nutkaensis	false
Puccinellia rupestris	false
Pueraria montana	true
Pulicaria arabica	false
Pulicaria dysenterica	false
Pulicaria paludosa	false
Pulicaria vulgaris	false
Pulmonaria officinalis	false
Pulmonaria saccharata	false
Pulsatilla halleri	false
Punica granatum	false
Pyracantha angustifolia	true
Pyracantha coccinea	true
Pyracantha crenulata	true
Pyracantha fortuneana	true
Pyracantha koidzumii	true
Pyrostegia venusta	true
Pyrus calleryana	true
Pyrus communis	false
Pyrus cordata	false
Pyrus pyrifolia	false
Quadrella incana	false
Quercus acutissima	false
Quercus cerris	true
Quercus ilex	true
Quercus robur	false
Quercus suber	true
Radermachera sinica	false
Radiola linoides	false
Ranunculus arvensis	true
Ranunculus bulbosus	false
Ranunculus cortusifolius	false
Ranunculus ficaria	true
Ranunculus marginatus	true
Ranunculus muricatus	true
Ranunculus parviflorus	true
Ranunculus platensis	false
Ranunculus repens	true
Ranunculus sardous	true
Ranunculus testiculatus	false
Ranunculus trilobus	false
Raphanus raphanistrum	true
Raphanus sativus	true
Rapistrum rugosum	true
Reichardia picroides	true
Reseda alba	true
Reseda lutea	true
Reseda luteola	true
Reseda odorata	false
Reseda phyteuma	false
Retama monosperma	false
Retama raetam	false
Rhagadiolus stellatus	false
Rhamnus arguta	false
Rhamnus cathartica	true
Rhamnus davurica	false
Rhamnus japonica	false
Rhamnus utilis	false
Rhaponticum repens	true
Rheum rhabarbarum	true
Rhinanthus major	false
Rhinanthus serotinus	false
Rhodanthe chlorocephala	false
Rhododendron japonicum	false
Rhododendron simsii	false
Rhodomyrtus tomentosa	true
Rhodophiala bifida	false
Rhodotypos scandens	true
Rhynchospora kunthii	false
Ribes alpinum	false
Ribes nigrum	true
Ribes rubrum	false
Ribes uva-crispa	true
Richardia grandiflora	false
Richardia humistrata	false
Ricinus communis	true
Roemeria refracta	false
Romulea rosea	false
Rorippa amphibia	true
Rorippa anceps	false
Rorippa austriaca	true
Rorippa cantoniensis	true
Rorippa dubia	false
Rorippa globosa	false
Rorippa indica	false
Rorippa sylvestris	true
Rosa X	false
Rosa bracteata	true
Rosa canina	true
Rosa chinensis	false
Rosa cinnamomea	false
Rosa foetida	false
Rosa gallica	false
Rosa glauca	false
Rosa laevigata	true
Rosa lucieae	false
Rosa majalis	false
Rosa mollis	false
Rosa moschata	false
Rosa multiflora	true
Rosa rubiginosa	true
Rosa rugosa	true
Rosa sempervirens	false
Rosa sherardii	false
Rosa sicula	false
Rosa spinosissima	false
Rosa tomentosa	false
Rosa villosa	false
Rosa xanthina	false
Rosmarinus officinalis	false
Rostraria cristata	false
Rotala indica	false
Rotala rotundifolia	false
Rottboellia cochinchinensis	true
Rousselia humilis	false
Rubia tinctorum	true
Rubus bifrons	true
Rubus caesius	true
Rubus canescens	false
Rubus geniculatus	false
Rubus hirsutus	false
Rubus idaeus	true
Rubus illecebrosus	false
Rubus laciniatus	true
Rubus macrophyllus	false
Rubus niveus	true
Rubus parvifolius	false
Rubus phoenicolasius	true
Rubus thyrsoides	false
Rubus ulmifolius	true
Rubus vestitus	true
Ruellia blechum	true
Ruellia ciliatiflora	false
Ruellia simplex	true
Rumex X	false
Rumex acetosa	true
Rumex acetosella	true
Rumex alpinus	true
Rumex bucephalophorus	false
Rumex confertus	true
Rumex conglomeratus	true
Rumex crispus	true
Rumex cristatus	false
Rumex dentatus	true
Rumex frutescens	false
Rumex kerneri	false
Rumex longifolius	true
Rumex obovatus	false
Rumex obtusifolius	true
Rumex paraguayensis	false
Rumex patientia	true
Rumex pseudonatronatus	false
Rumex pulcher	false
Rumex sanguineus	false
Rumex stenophyllus	false
Rumex thyrsiflorus	true
Russelia equisetiformis	true
Ruta chalepensis	true
Ruta graveolens	true
Rytidosperma biannulare	true
Rytidosperma caespitosum	true
Rytidosperma penicillatum	true
Rytidosperma pilosum	true
Rytidosperma racemosum	false
Rytidosperma semiannulare	true
Saccharum officinarum	false
Saccharum spontaneum	true
Sacciolepis indica	true
Sageretia thea	false
Sagina apetala	false
Sagina japonica	true
Sagina nodosa	false
Sagina procumbens	true
Sagina subulata	true
Sagittaria guayanensis	false
Sagittaria montevidensis	false
Salix X	false
Salix alba	true
Salix atrocinerea	false
Salix aurita	false
Salix babylonica	true
Salix caprea	true
Salix cinerea	true
Salix daphnoides	false
Salix eleagnos	false
Salix pentandra	true
Salix purpurea	false
Salix viminalis	false
Salix x	true
Salpichroa origanifolia	true
Salpiglossis sinuata	false
Salsola soda	false
Salsola tragus	true
Salvia X	false
Salvia aethiopis	true
Salvia argentea	false
Salvia glutinosa	false
Salvia hispanica	false
Salvia longistyla	false
Salvia microphylla	false
Salvia nutans	false
Salvia occidentalis	true
Salvia officinalis	false
Salvia pallida	false
Salvia pratensis	false
Salvia sclarea	false
Salvia splendens	false
Salvia sylvestris	false
Salvia tiliifolia	true
Salvia verbenaca	false
Salvia verticillata	true
Salvia virgata	false
Salvinia minima	true
Salvinia molesta	true
Samanea saman	true
Sambucus ebulus	false
Sambucus nigra	false
Samolus valerandi	false
Sanguisorba minor	false
Sansevieria cylindrica	true
Sansevieria hyacinthoides	true
Sansevieria trifasciata	true
Santalum album	true
Santolina chamaecyparissus	false
Sanvitalia procumbens	false
Sapindus mukorossi	false
Saponaria ocymoides	false
Saponaria officinalis	true
Saponaria pumilio	false
Saribus rotundifolius	false
Sasa palmata	false
Satureja hortensis	false
Satureja montana	false
Saxifraga sibthorpii	false
Saxifraga stolonifera	false
Saxifraga tridactylites	false
Scabiosa atropurpurea	false
Scabiosa columbaria	false
Scabiosa ochroleuca	false
Scandix pecten-veneris	false
Schedonorus arundinaceus	true
Schedonorus giganteus	false
Schedonorus pratensis	true
Schefflera actinophylla	true
Schenkia spicata	false
Schinus longifolius	false
Schinus molle	true
Schinus polygama	false
Schinus polygamus	false
Schinus terebinthifolia	true
Schismus arabicus	true
Schismus barbatus	true
Schizanthus pinnatus	false
Schizophragma hydrangeoides	false
Schoenoplectiella mucronata	true
Schoenoplectus lacustris	false
Schoenoplectus triqueter	true
Scilla forbesii	false
Scilla hyacinthoides	false
Scilla luciliae	false
Scilla siberica	true
Scirpoides holoschoenus	false
Scleranthus annuus	true
Scleranthus perennis	false
Scleria bourgeaui	false
Scleria eggersiana	false
Scleria lacustris	false
Scleria microcarpa	false
Sclerochloa dura	false
Scolymus hispanicus	false
Scolymus maculatus	false
Scoparia montevidensis	false
Scorpiurus muricatus	false
Scorzonera hispanica	false
Scorzonera laciniata	true
Scorzoneroides muelleri	false
Scrophularia auriculata	false
Scrophularia canina	false
Scrophularia peregrina	false
Scrophularia umbrosa	false
Scutellaria altissima	false
Scutellaria caerulea	false
Scutellaria racemosa	false
Searsia lancea	false
Secale cereale	true
Sechium edule	true
Securigera cretica	false
Securigera globosa	false
Securigera securidaca	false
Securigera varia	true
Sedum acre	false
Sedum album	false
Sedum dasyphyllum	false
Sedum dendroideum	false
Sedum diffusum	false
Sedum hispanicum	false
Sedum lineare	false
Sedum mexicanum	false
Sedum ochroleucum	false
Sedum praealtum	false
Sedum rupestre	false
Sedum sarmentosum	false
Sedum sexangulare	false
Sedum stoloniferum	false
Selaginella braunii	false
Selaginella kraussiana	true
Selaginella uncinata	false
Selaginella willdenowii	false
Selenicereus grandiflorus	true
Selenicereus pteranthus	true
Selinum carvifolia	false
Sempervivum tectorum	false
Senecio brasiliensis	true
Senecio cannabinifolius	false
Senecio elegans	false
Senecio glomeratus	false
Senecio linearifolius	true
Senecio rupestris	false
Senecio squalidus	true
Senecio sylvaticus	true
Senecio viscosus	true
Senecio vulgaris	true
Senna alata	true
Senna artemisioides	false
Senna atomaria	false
Senna bicapsularis	false
Senna corymbosa	false
Senna didymobotrya	true
Senna italica	false
Senna multiglandulosa	false
Senna occidentalis	true
Senna siamea	true
Senna spectabilis	true
Senna surattensis	true
Senna tora	true
Serratula tinctoria	false
Sesamum indicum	false
Sesbania grandiflora	false
Sesbania punicea	true
Sesbania sericea	true
Sesbania virgata	false
Seseli libanotis	false
Sesuvium crithmoides	false
Setaria barbata	true
Setaria faberi	true
Setaria helvola	true
Setaria italica	true
Setaria megaphylla	true
Setaria nigrirostris	false
Setaria setosa	false
Setaria sphacelata	true
Setaria verticillata	true
Setaria viridis	true
Severinia buxifolia	false
Sherardia arvensis	true
Sida abutilifolia	false
Sida antillensis	false
Sida linifolia	true
Sida santaremensis	false
Sida urens	true
Sideritis lanata	false
Sideritis montana	false
Sideritis romana	false
Sigesbeckia orientalis	true
Sigmoidotropis speciosa	true
Silene X	false
Silene armeria	true
Silene chalcedonica	true
Silene chlorantha	false
Silene coeli-rosa	false
Silene conica	false
Silene conoidea	false
Silene coronaria	false
Silene csereii	false
Silene dichotoma	false
Silene dioica	true
Silene flos-cuculi	true
Silene fulgens	false
Silene gallica	true
Silene italica	false
Silene latifolia	true
Silene noctiflora	true
Silene nutans	false
Silene pendula	false
Silene pseudatocion	false
Silene viscaria	false
Silene vulgaris	true
Silybum marianum	true
Sinapis alba	true
Sinapis arvensis	true
Sisymbrium altissimum	true
Sisymbrium austriacum	false
Sisymbrium erysimoides	false
Sisymbrium irio	true
Sisymbrium loeselii	true
Sisymbrium officinale	true
Sisymbrium orientale	true
Sisymbrium polyceratium	false
Sisymbrium turczaninowii	false
Sisyrinchium iridifolium	false
Solandra grandiflora	false
Solanum aviculare	true
Solanum bulbocastanum	false
Solanum capsicoides	true
Solanum cardiophyllum	false
Solanum chrysotrichum	true
Solanum crispum	false
Solanum diphyllum	false
Solanum donianum	false
Solanum dulcamara	true
Solanum furcatum	false
Solanum glaucophyllum	false
Solanum lanceolatum	false
Solanum laxum	false
Solanum lycopersicum	true
Solanum marginatum	false
Solanum mauritianum	true
Solanum melongena	true
Solanum nigrescens	true
Solanum nigrum	true
Solanum peruvianum	false
Solanum physalifolium	true
Solanum pseudocapsicum	true
Solanum scabrum	false
Solanum seaforthianum	true
Solanum sisymbriifolium	true
Solanum tampicense	true
Solanum torvum	true
Solanum tuberosum	true
Solanum umbellatum	false
Solanum viarum	true
Solanum villosum	true
Solanum virginianum	false
Soleirolia soleirolii	true
Soliva anthemifolia	true
Soliva sessilis	true
Soliva stolonifera	false
Sonchus arvensis	true
Sonchus asper	true
Sonchus oleraceus	true
Sonchus tenerrimus	false
Sorbaria kirilowii	false
Sorbaria sorbifolia	true
Sorbus airia	false
Sorbus alnifolia	false
Sorbus aucuparia	true
Sorbus hybrida	false
Sorbus intermedia	false
Sorghum X	false
Sorghum arundinaceum	true
Sorghum bicolor	true
Sorghum halepense	true
Sparaxis fragrans	false
Sparaxis grandiflora	false
Sparaxis tricolor	false
Sparganium erectum	true
Sparganium stoloniferum	false
Spartina X	true
Spartina anglica	false
Spartina densiflora	false
Spartina maritima	false
Spartium junceum	true
Spathodea campanulata	true
Spathoglottis plicata	true
Spergula arvensis	true
Spergula morisonii	false
Spergula pentandra	false
Spergularia bocconi	false
Spergularia diandra	false
Spergularia echinosperma	false
Spergularia media	false
Spergularia platensis	false
Spergularia purpurea	false
Spergularia rubra	true
Spergularia villosa	false
Spermacoce dasycephala	false
Spermacoce verticillata	true
Sphaeralcea bonariensis	false
Sphaerophysa salsula	false
Sphagneticola trilobata	true
Sphenoclea zeylanica	true
Spinacia oleracea	true
Spiraea cantoniensis	false
Spiraea chamaedryfolia	true
Spiraea hypericifolia	false
Spiraea japonica	true
Spiraea prunifolia	false
Spiraea salicifolia	false
Spiraea thunbergii	false
Spiraea trilobata	false
Spiraea vanhouttei	false
Spondias purpurea	false
Sporobolus alterniflorus	true
Sporobolus creber	false
Sporobolus diandrus	true
Sporobolus fimbriatus	false
Sporobolus indicus	true
Sporobolus pyramidalis	true
Sporobolus tenuissimus	true
Stachys annua	true
Stachys arvensis	true
Stachys byzantina	false
Stachys germanica	false
Stachys longispicata	false
Stachys macrantha	false
Stachys ocymastrum	false
Stachys officinalis	false
Stachys recta	false
Stachys sieboldii	false
Stachys sylvatica	false
Stachytarpheta cayennensis	true
Stachytarpheta urticifolia	true
Stellaria graminea	true
Stellaria holostea	false
Stellaria media	true
Stellaria neglecta	false
Stellaria pallida	false
Stellaria palustris	false
Stellaria parva	false
Stenochlaena tenuifolia	false
Sternbergia lutea	false
Stictocardia tiliifolia	true
Stigmaphyllon emarginatum	false
Stipa capensis	true
Stranvaesia davidiana	true
Striga asiatica	true
Striga gesnerioides	true
Strigosella africana	true
Strobilanthes alternata	true
Strobilanthes reptans	true
Strychnos spinosa	false
Stuartina hamata	false
Styphnolobium japonicum	true
Styrax japonicus	false
Suaeda linifolia	false
Suaeda maritima	false
Succisa pratensis	false
Succisella inflexa	false
Syagrus romanzoffiana	true
Symphytum X	false
Symphytum asperum	true
Symphytum officinale	true
Symphytum tuberosum	false
Symplocos paniculata	false
Synedrella nodiflora	true
Syngonium angustatum	false
Syngonium podophyllum	true
Syringa X	false
Syringa josikaea	false
Syringa reticulata	false
Syringa villosa	false
Syringa vulgaris	true
Syzygium cumini	true
Syzygium jambos	true
Syzygium nervosum	true
Tabebuia aurea	true
Tabernaemontana alba	false
Tabernaemontana divaricata	false
Taeniatherum caput-medusae	true
Tagetes erecta	true
Tagetes filifolia	false
Tagetes lucida	false
Tagetes minima	false
Tagetes minuta	true
Talinum fruticosum	true
Talipariti tiliaceum	true
Tamarindus indica	true
Tamarix africana	true
Tamarix aphylla	true
Tamarix aralensis	false
Tamarix canariensis	false
Tamarix chinensis	true
Tamarix gallica	true
Tamarix parviflora	true
Tamarix ramosissima	true
Tamarix tetragyna	false
Tanacetum balsamita	false
Tanacetum coccineum	false
Tanacetum corymbosum	false
Tanacetum parthenium	true
Tanacetum vulgare	true
Tara spinosa	false
Taraxacum erythrospermum	true
Taraxacum lapponicum	false
Taraxacum officinale	true
Taraxacum palustre	false
Tarenaya hassleriana	true
Tarenaya spinosa	false
Taxus X	false
Taxus baccata	false
Taxus cuspidata	false
Tecoma capensis	true
Tectaria incisa	true
Teesdalia coronopifolia	false
Teesdalia nudicaulis	false
Tephrosia cinerea	false
Tephrosia purpurea	true
Terminalia catappa	true
Terminalia muelleri	false
Tetradium daniellii	false
Tetragonia tetragonioides	true
Tetrapanax papyrifer	true
Teucrium botrys	false
Teucrium chamaedrys	false
Teucrium fruticans	false
Teucrium orientale	true
Teucrium scorodonia	false
Thalictrum aquilegiifolium	false
Themeda arguens	true
Themeda helferi	false
Themeda quadrivalvis	true
Themeda triandra	false
Thesium arvense	false
Thespesia populnea	true
Thevetia peruviana	true
Thinopyrum intermedium	true
Thinopyrum ponticum	false
Thinopyrum pycnanthum	false
Thladiantha dubia	true
Thlaspi alliaceum	false
Thlaspi arvense	true
Thunbergia alata	true
Thunbergia erecta	false
Thunbergia fragrans	true
Thunbergia grandiflora	true
Thymelaea passerina	false
Thymus kosteletzkyanus	false
Thymus praecox	false
Thymus pulegioides	false
Thymus vulgaris	true
Thysanolaena latifolia	true
Tilia X	false
Tilia cordata	false
Tilia petiolaris	false
Tilia platyphyllos	false
Tillandsia ionantha	false
Tithonia diversifolia	true
Tithonia rotundifolia	true
Tolpis barbata	false
Toona ciliata	true
Tordylium apulum	false
Torenia fournieri	false
Torilis arvensis	true
Torilis japonica	true
Torilis leptophylla	false
Torilis nodosa	true
Torilis scabra	false
Tournefortia sibirica	false
Trachelospermum asiaticum	false
Trachelospermum jasminoides	true
Trachyspermum ammi	false
Tradescantia crassula	false
Tradescantia fluminensis	true
Tradescantia spathacea	true
Tradescantia zebrina	true
Tragopogon X	false
Tragopogon dubius	true
Tragopogon floccosus	false
Tragopogon hybridus	false
Tragopogon mirabilis	false
Tragopogon miscellus	false
Tragopogon porrifolius	true
Tragopogon pratensis	false
Tragus australianus	false
Tragus berteronianus	true
Tragus heptaneuron	false
Tragus racemosus	false
Trapa bicornis	true
Trapa natans	true
Trema orientalis	true
Triadica sebifera	true
Tribolium obliterum	false
Tribolium purpureum	false
Tribulus cistoides	true
Tribulus terrestris	true
Trichosanthes cucumerina	false
Tricyrtis hirta	false
Tridax procumbens	true
Trifolium alexandrinum	false
Trifolium ambiguum	false
Trifolium angustifolium	false
Trifolium arvense	true
Trifolium aureum	true
Trifolium campestre	true
Trifolium cernuum	false
Trifolium dalmaticum	false
Trifolium dubium	true
Trifolium echinatum	false
Trifolium fragiferum	false
Trifolium gemellum	false
Trifolium glomeratum	true
Trifolium hirtum	true
Trifolium hybridum	true
Trifolium incarnatum	true
Trifolium lappaceum	false
Trifolium medium	false
Trifolium michelianum	false
Trifolium nigrescens	false
Trifolium polymorphum	false
Trifolium pratense	true
Trifolium purpureum	false
Trifolium repens	true
Trifolium resupinatum	true
Trifolium retusum	false
Trifolium scabrum	false
Trifolium spumosum	false
Trifolium squamosum	false
Trifolium stellatum	false
Trifolium striatum	false
Trifolium subterraneum	true
Trifolium suffocatum	false
Trifolium tomentosum	false
Trifolium vesiculosum	false
Trigonella caerulea	false
Trigonella corniculata	false
Trigonella foenum-graecum	false
Trigonella hamosa	false
Trigonella procumbens	false
Trimezia martinicensis	true
Triphasia trifolia	true
Tripidium ravennae	false
Triplaris melaenodendron	false
Tripleurospermum inodorum	true
Tripleurospermum maritimum	false
Tripolium pannonicum	false
Triraphis mollis	false
Trisetum aureum	false
Trisetum flavescens	true
Tristagma uniflorum	false
Triticum aestivum	true
Triticum turgidum	false
Triumfetta rhomboidea	true
Tropaeolum majus	true
Tropaeolum minus	false
Tuberaria guttata	false
Tulbaghia violacea	false
Tulipa clusiana	false
Tulipa gesneriana	false
Tulipa sylvestris	false
Turgenia latifolia	false
Turnera ulmifolia	true
Tussilago farfara	true
Typha angustifolia	true
Typha laxmannii	true
Ulex europaeus	true
Ulmus glabra	false
Ulmus parvifolia	false
Ulmus procera	false
Ulmus pumila	true
Ulva pertusa	true
Uncinia hamata	false
Urena lobata	true
Urena sinuata	false
Urochloa arrecta	false
Urochloa distachya	true
Urochloa mosambicensis	false
Urochloa mutica	true
Urochloa oligobrachiata	false
Urochloa panicoides	true
Urochloa piligera	false
Urochloa plantaginea	true
Urochloa ramosa	false
Urochloa reptans	true
Urochloa villosa	false
Urospermum picroides	false
Urtica ballotifolia	false
Urtica dioica	true
Urtica pilulifera	false
Urtica urens	true
Utricularia breviscapa	false
Vaccaria hispanica	true
Vachellia cornigera	false
Vachellia sphaerocephala	false
Valeriana officinalis	true
Valerianella carinata	false
Valerianella dentata	false
Valerianella locusta	false
Vallesia glabra	false
Vallisneria australis	true
Vanilla mexicana	false
Vanilla pompona	false
Varronia curassavica	false
Velezia rigida	false
Ventenata dubia	true
Verbascum X	false
Verbascum blattaria	true
Verbascum chaixii	false
Verbascum densiflorum	false
Verbascum lychnitis	false
Verbascum nigrum	false
Verbascum olympicum	false
Verbascum phlomoides	false
Verbascum phoeniceum	false
Verbascum pulverulentum	false
Verbascum sinuatum	false
Verbascum speciosum	false
Verbascum thapsus	true
Verbascum virgatum	true
Verbena bonariensis	true
Verbena brasiliensis	true
Verbena incompta	true
Verbena litoralis	true
Verbena montevidensis	false
Verbena officinalis	false
Verbena rigida	true
Verbena supina	false
Vernicia fordii	true
Veronica agrestis	false
Veronica arvensis	true
Veronica austriaca	false
Veronica beccabunga	true
Veronica biloba	true
Veronica campylopoda	false
Veronica chamaedrys	true
Veronica cymbalaria	false
Veronica dillenii	false
Veronica filiformis	true
Veronica grandis	false
Veronica hederifolia	true
Veronica longifolia	true
Veronica officinalis	true
Veronica persica	true
Veronica polita	true
Veronica prostrata	false
Veronica serpyllifolia	true
Veronica spicata	true
Veronica sublobata	false
Veronica teucrium	false
Veronica triphyllos	false
Veronica undulata	false
Veronica verna	false
Viburnum X	false
Viburnum buddleifolium	false
Viburnum carlesii	false
Viburnum dilatatum	false
Viburnum lantana	false
Viburnum macrocephalum	false
Viburnum opulus	false
Viburnum plicatum	false
Viburnum rhytidophyllum	false
Viburnum setigerum	false
Viburnum sieboldii	true
Viburnum suspensum	false
Viburnum tinus	false
Viburnum wrightii	false
Vicia articulata	false
Vicia benghalensis	false
Vicia bithynica	false
Vicia cracca	true
Vicia disperma	false
Vicia faba	false
Vicia grandiflora	false
Vicia hirsuta	true
Vicia hybrida	false
Vicia lathyroides	false
Vicia laxiflora	false
Vicia lutea	false
Vicia monantha	false
Vicia narbonensis	false
Vicia pannonica	false
Vicia peregrina	false
Vicia sativa	true
Vicia sepium	false
Vicia tetrasperma	false
Vicia villosa	true
Vigna adenantha	false
Vigna angularis	false
Vigna hosei	true
Vigna mungo	false
Vigna radiata	false
Vigna unguiculata	false
Vinca herbacea	false
Vinca major	true
Vinca minor	true
Vincetoxicum hirundinaria	false
Vincetoxicum nigrum	true
Vincetoxicum rossicum	true
Viola X	false
Viola arvensis	false
Viola canina	false
Viola mandshurica	false
Viola odorata	true
Viola patrinii	false
Viola tricolor	true
Viscum album	false
Vitex agnus-castus	false
Vitex glabrata	false
Vitex negundo	false
Vitex trifolia	true
Vitis vinifera	false
Volutaria muricata	false
Volutaria tubuliflora	true
Vulpia bromoides	true
Vulpia ciliata	false
Vulpia myuros	true
Wahlenbergia linarioides	false
Wahlenbergia marginata	true
Washingtonia robusta	true
Watsonia marginata	false
Watsonia meriana	true
Wedelia fruticosa	false
Weigela floribunda	false
Weigela florida	false
Wigandia urens	true
Wisteria X	false
Wisteria floribunda	true
Wisteria sinensis	true
Withania somnifera	false
Woodwardia radicans	false
X Achnella	false
X Agropogon	false
X Hesperotropsis	false
X Schedolium	false
Xanthium spinosum	true
Xanthosoma sagittifolium	true
Xerochrysum bracteatum	false
Xylosma congesta	false
Youngia japonica	true
Zamia furfuracea	false
Zantedeschia aethiopica	true
Zantedeschia albomaculata	false
Zanthoxylum simulans	false
Zea luxurians	false
Zea mays	false
Zea perennis	false
Zelkova serrata	false
Zephyranthes candida	true
Zephyranthes citrina	true
Zephyranthes minuta	false
Zephyranthes rosea	false
Zeuxine strateumatica	true
Zingiber zerumbet	true
Zinnia angustifolia	false
Zinnia violacea	false
Ziziphus jujuba	true
Ziziphus mauritiana	true
Zostera japonica	false
Zoysia japonica	false
Zoysia matrella	true
Zygodon menziesii	false
Zygophyllum fabago	true
